permno,ticker,comnam,usdret_count,usdret_mean,usdret_std,usdret_min,usdret_median,usdret_max,market_equity_count,market_equity_mean,market_equity_std,market_equity_min,market_equity_median,market_equity_max,assets_count,assets_mean,assets_std,assets_min,assets_median,assets_max,sales_count,sales_mean,sales_std,sales_min,sales_median,sales_max,net_income_count,net_income_mean,net_income_std,net_income_min,net_income_median,net_income_max,book_equity_count,book_equity_mean,book_equity_std,book_equity_min,book_equity_median,book_equity_max,debt_at_count,debt_at_mean,debt_at_std,debt_at_min,debt_at_median,debt_at_max,cash_at_count,cash_at_mean,cash_at_std,cash_at_min,cash_at_median,cash_at_max,ocf_at_count,ocf_at_mean,ocf_at_std,ocf_at_min,ocf_at_median,ocf_at_max,roe_count,roe_mean,roe_std,roe_min,roe_median,roe_max,beta_count,beta_mean,beta_std,beta_min,beta_median,beta_max,btm_count,btm_mean,btm_std,btm_min,btm_median,btm_max
10952,UNII,UNI INVEST U S LTD,219,0.011580365296803652,0.14037314828520084,-0.6329,0.0094,1.0632,220,396.9480547,145.74628059329055,12.6,396.35360000000003,720.987,219,1248.6610456621004,381.6890332678938,182.496,1287.604,1835.149,219,128.11187671232878,39.99281009978408,19.245,142.645,181.276,219,5.101776255707763,18.950453141206104,-58.457,10.921,47.447,219,358.6313515981735,106.43276747938468,2.75,381.99,518.989,219,0.526888227260274,0.05471690110257755,0.41982704,0.5225385,0.7698068,219,0.013665216644136986,0.008671626011725398,2.0451922e-05,0.014364036,0.05440803,219,0.03374565144018265,0.012034632995166588,-0.014300908,0.035029247,0.048541766,219,-0.009217391314934004,0.09662798461509171,-0.3088902012718184,0.031347097301717,0.0848774383048513,219,0.9872711918045494,0.8462995589904724,-0.8221413340774482,1.1357867993045376,2.551681576026198,219,1.0079836691407504,0.587517553478661,0.0134293152965537,0.8446125668774319,5.752738245435911
10978,MDI,MID AMERICA REALTY INVESTMTS INC,139,0.005190647482014388,0.06010902038950912,-0.1628,0.0,0.216,140,65.17329255,18.239651511110562,28.8585,67.45781,97.1265,136,119.98149264705883,38.97653633928174,34.872,128.387,163.121,124,17.24291129032258,5.851633192928873,5.235,17.403,24.324,124,2.5807903225806452,1.746982635764215,-0.128,2.315,5.604,136,73.05049264705883,21.03113286605301,29.37,80.474,97.486,136,0.3636824761911765,0.09499488277488756,0.08671979,0.39342174,0.5269428,136,0.019686367633852942,0.032148199564074366,0.0,0.004221872,0.13792226,124,0.05278748567741935,0.012442912537623823,0.023029584,0.05445338,0.071344346,122,0.03144888251457127,0.018991353841946404,-0.0014744335525785,0.0345423143350604,0.0668966587482541,120,0.6823341511212112,0.1964256728222179,0.4034757745568664,0.6387959065209323,1.0467669633906804,136,1.1197374516697518,0.24933713336742513,0.4391119210470718,1.1098856064001923,1.6832599509804913
11297,WTPR,WETTERAU PROPERTIES INC,65,0.03763692307692308,0.1051323846532771,-0.1011,0.0109,0.5532,65,20.719643230769233,6.18653552338412,10.4295,22.05975,30.512875,63,83.65407936507937,21.76321326288601,35.411,91.666,102.916,63,10.192698412698412,3.2523585220521394,3.14,11.881,13.632,63,1.3346666666666667,0.5291526397260362,0.588,1.257,2.4,63,6.241857142857143,1.5240650318139821,3.325,5.389,9.357,63,0.9093012525396825,0.018369410694424965,0.8536048,0.9089449,0.93413043,63,0.013522269163714285,0.00898391958563729,0.0,0.015044084,0.0313506,63,0.037600743507936504,0.006166573504315027,0.01658908,0.03846154,0.04701795,59,0.19397526224628026,0.04106232013609872,0.1233832888523916,0.2190531345012306,0.2332020830687158,62,0.09219666783874711,0.07090131862644015,-0.1007261972711668,0.09728477724720455,0.2475491116353753,63,0.3076242209210589,0.05461966631405818,0.1840442586989803,0.3052914461781089,0.467040588051185
11967,SZD,SIERRA CAPITAL REALTY TR IV CO,82,0.02433780487804878,0.21995918231908382,-0.5,0.0,1.6,82,31.127850585365856,18.432250425524284,10.26575,30.8158125,71.2785,82,82.1589756097561,15.91623729106759,57.731,88.487,101.168,78,8.723128205128205,1.7046206140650297,5.927,8.541,11.423,78,-2.1130512820512823,3.8089349668577412,-12.863,-0.2085,1.826,82,44.684256097560976,15.688530157852616,21.124,52.697,63.49,82,0.4416311315853659,0.12418575746075983,0.21313715,0.446488,0.61923665,82,0.06391148441463415,0.06874012590200734,0.009072147,0.0629278,0.3859675,78,0.017667224546153847,0.006456397001370179,0.0057829563,0.0188484,0.036787465,76,-0.06706013605926589,0.10829589537471317,-0.2786615469007131,-0.0039850465870922,0.0297495886215155,70,1.0551890620952706,0.5331818857368048,0.5577197093599805,0.6465919035133143,1.944504809902279,82,1.7354253967324782,0.7315198317547263,0.8749482898555216,1.6560381581404422,5.029539972187363
12072,PKY,PARKWAY PROPERTIES INC,236,0.006730508474576272,0.08985046253895279,-0.5444,0.006500000000000001,0.3466,237,657.9864285232068,556.1514963531914,115.68975,405.1034,2227.9158,237,1419.0823164556964,924.2784961220102,143.961,1214.213,3756.697,237,203.25186075949367,109.47400840406162,21.713,186.693,490.472,237,13.062506329113923,31.108262691497615,-65.112,19.522,121.453,237,453.3978227848101,349.9403391955049,73.203,348.272,1427.274,237,0.4917548449367089,0.08002932510631208,0.24216217,0.49007255,0.63594556,237,0.012948898125189873,0.01482181845958343,0.0001718392,0.0073655713,0.069329,237,0.04754438884810127,0.018479866065547336,0.009303781,0.047061358,0.087206155,237,0.038361526147841704,0.14672001938613696,-0.5229512047373561,0.0592095317090311,0.2401902013777407,237,0.8363594520869436,0.48922535885096163,0.1932939159039463,0.6827025548561333,1.6753329815866411,237,0.7777722276706361,0.28611971590321406,0.360571734803696,0.7135865158952415,2.3157357255132194
12093,COR,CORESITE REALTY CORP,134,0.02318059701492537,0.07038058246143475,-0.1563,0.02725,0.2007,135,2453.7653287407406,1899.2240754500554,253.14352,2316.461,7559.5547,135,1328.6913851851853,518.1797981049385,239.42,1162.543,2182.978,135,349.83351851851853,176.29130547582582,31.848,333.298,628.685,135,39.34057777777778,33.41478822507136,-9.849,34.706,87.907,135,221.93272592592595,68.79068011462948,19.527,223.44,331.0,135,0.43075772196296297,0.26355130325089304,0.07068229,0.33633766,0.8954633,135,0.015467439024592593,0.028658359489971124,0.00072678254,0.004629439,0.12150161,135,0.10013143136296296,0.03591430584065262,0.005997828,0.11510216,0.13959411,126,0.20639367805205686,0.2775515083759084,-0.0211247895486976,0.1152575244838385,1.2473694971768294,115,0.583283728276835,0.3473309562574843,0.1053559504611879,0.5294152419088622,1.026881110229983,135,0.22898136717395426,0.2218994907170942,0.002583088611333,0.1290125702092341,0.8407205354799921
12323,CCG,CAMPUS CREST COMMUNITIES INC,64,-0.002009375,0.07937005696394779,-0.2013,-0.00555,0.2462,65,469.4298358461539,134.72757084849806,308.96274,430.16165,881.79395,65,879.0723230769231,428.69636551723966,327.461,696.32,1590.33,65,107.0195076923077,21.443702459961198,78.84,102.97,151.443,65,-27.4286,56.92658652153447,-153.214,-5.244,15.641,59,417.56130508474575,166.52910063805393,227.109,345.025,677.376,65,0.48680700523076925,0.20663941091376267,0.27835166,0.41344422,1.0756854,65,0.033740075661538464,0.029651570482448927,0.014177389,0.024898453,0.122933365,65,0.024141590326153844,0.019660666106123322,-0.01864746,0.026475653,0.05635739,57,-0.05646772888677711,0.12969582777941835,-0.3438691326509049,0.0023930687920362,0.0315807096848097,45,0.6882316806623383,0.06973749470288138,0.56786099785178,0.6753772374084305,0.8463654367830579,59,0.8910177074522613,0.3092600341847813,0.3209185011341225,0.8765009837834187,1.6324767547791663
12513,AAT,AMERICAN ASSETS TRUST INC,167,0.0071538922155688625,0.07589588441347775,-0.3896,0.0103,0.3708,168,1638.668899047619,483.07189861270257,705.1478,1682.20145,2935.4946,168,2295.8119285714283,546.1572123989756,1103.713,2178.608,3051.07,168,308.7554285714285,79.29208231984849,131.402,306.95399999999995,448.135,168,27.056267857142853,15.86183059882393,-1.414,29.129,54.27,168,905.0729642857143,298.65212746827734,120.292,811.178,1317.365,168,0.5600564569642857,0.05422556927678214,0.48141724,0.5565422250000001,0.8073104,168,0.043505739160714284,0.024943067164064074,0.016590688,0.034617305,0.12532195,168,0.05159910540714286,0.01466902540925801,-0.0008230044,0.055450484,0.068392135,151,0.032193062653224025,0.01275173936304414,0.0046595136662561,0.0350851690023037,0.0555610383466408,148,0.7885202924187176,0.30220852739663256,0.29603626316167,0.8367281935609128,1.2874075766830244,168,0.5738042789999139,0.2077486636628796,0.1381907625584055,0.5174982096831677,1.127766237192608
12566,INN,SUMMIT HOTEL PROPERTIES INC,166,0.0070933734939759045,0.10955891573226417,-0.5448,0.0028,0.6458,167,907.2138770658682,386.8165353333404,192.58267,923.6074,1943.9081,167,1858.6899401197604,794.3373867589619,491.759,2043.878,3124.677,167,417.037119760479,186.36257673122364,133.208,453.483,743.726,167,21.159323353293413,72.47824694433311,-159.382,6.581,181.592,167,846.0345149700598,315.40006130999336,61.468,941.992,1274.18,167,0.4505687107784431,0.08522004402358307,0.3127476,0.43968862,0.8527958,167,0.03684034680838323,0.01402407391117649,0.016251776,0.03531752,0.067467235,167,0.05075460184730538,0.02604810451090963,-0.02364814,0.05332323,0.0892787,151,0.020450669252680794,0.07590199663713403,-0.1449848682240797,0.0072589767781899,0.1459454134105535,147,1.4137810454376516,0.4642936511637149,0.7047571277403626,1.2095047853948495,2.1462360221960988,167,0.9806145505656122,0.3540816392665783,0.1985366401122031,0.938907183433451,2.661491280423097
12668,APTS,PREFERRED APARTMENT CMNTYS INC,133,0.017830827067669173,0.10364436219698525,-0.2199,0.0057,0.5144,134,371.130012238806,309.1160418840199,29.4861,330.09131,1607.2085,134,2152.189604477612,1867.346548635972,0.83,1757.009,5267.647,134,208.28585820895523,190.532873097056,0.0,151.463,505.06,134,-11.74147014925373,56.99058746604272,-196.848,-1.419,43.467,128,773.895234375,675.8617850843657,30.296,685.811,1931.277,134,0.5882410991044776,0.18487773518528977,0.46551365,0.5607183,1.7722892,134,0.02678172408544776,0.01288211964140098,0.00090415915,0.026215589,0.06387989,134,-0.0766843144925373,0.33212566313709085,-1.1313252,0.026727293,0.051087063,120,-0.035919844822180406,0.08068893269379221,-0.2453925703391299,-0.004170941907727,0.0270295311946173,114,0.7424481500574591,0.4052382572688044,-0.0092446936283639,0.8242567692883154,1.4402549707019314,128,1.863334840676477,1.3643766399430879,0.0579262035521989,1.495252107194173,6.530137187280355
12681,STIR,STAG INDUSTRIAL INC,164,0.012721951219512197,0.06616777805405817,-0.1909,0.0155,0.1835,165,3219.4819935757573,2355.4624136531547,162.1494,2571.2883,8451.559,165,3048.0037454545454,2001.7937557726816,208.895,2601.472,6444.119,165,326.81252727272727,215.54407326889861,26.938,286.363,739.965,165,69.21996363636363,84.50598171762543,-29.403,34.519,234.825,159,1589.9729433962264,1169.9243163145659,154.751,1206.923,3421.773,165,0.44984476709090904,0.11217494746471453,0.3407019,0.4212483,0.9916896,165,0.013252759723636364,0.013069726848861244,0.0019168217,0.009299687,0.07523916,165,0.05872522256363637,0.00857753086754967,0.027261198,0.062193755,0.06704121,151,0.02188224926603249,0.03789464830867763,-0.0431697455006739,0.0257479160488946,0.0765358413785818,145,0.8045375750194419,0.12186701070296088,0.6262046643725392,0.7680695420966268,1.0662501111896825,159,0.48282440666915794,0.11846874422004215,0.2877311262254349,0.4666130883566756,1.0440617889492625
13003,VER,VEREIT INC,121,0.007420661157024794,0.0781074526078822,-0.4195,0.0083,0.2387,122,6751.408143237704,3512.7216720692163,59.763283,7702.6957999999995,11948.279,115,12634.938295652175,6665.247697150021,131.581,14056.88,22867.582,115,1035.246147826087,563.0599092627126,3.175,1261.29,1702.786,115,-217.2427652173913,310.6526526034337,-977.185,-177.858,312.873,115,6048.023286956522,3183.1666186430157,51.569,7092.088,10278.604,115,0.47205065713043476,0.05978030264764311,0.40153316,0.45947024,0.6428654,115,0.01868317582347826,0.016686099980332166,0.0022275394,0.012043322,0.07264054,115,0.028674983396,0.023250184587572918,-0.010109388,0.039118752,0.057300836,113,-0.06841354162149886,0.08804179051141749,-0.3007645911575558,-0.0439405895807054,0.029559350690139,102,0.41022146759627687,0.37012085734211275,-0.2448115053702233,0.4781067341952502,0.9967618963931376,115,0.8085281685688109,0.31834345369727907,0.0258559120884158,0.8589087904403313,1.3319434667725292
13134,RSE,ROUSE PROPERTIES INC,53,0.013116981132075472,0.08457180093735794,-0.2082,0.0044,0.2143,54,923.3345362962963,161.719096568945,439.27438,983.32558,1210.7683,54,1997.2256666666667,271.7906652737076,1583.524,1962.2915,2529.258,54,257.3198888888889,30.072173855618026,225.669,240.637,305.402,54,-32.90233333333334,30.47511476227095,-68.659,-44.062,41.699,54,521.8932222222222,47.23255687319786,426.328,532.6985,590.569,54,0.6782985444444444,0.022054732992827317,0.63843346,0.67408347,0.720247,54,0.037581951555555555,0.031777841946558104,0.009111956,0.02943656,0.12522094,54,0.03432493461111111,0.009017880345686641,0.020092143,0.031858079,0.05097681,37,-0.11113363287157783,0.03449422937281695,-0.128868117533339,-0.1202737438759144,0.0802439320084748,34,1.2274985168793342,0.3091624215987208,0.632007462892827,1.2865767739482386,1.614739915115089,54,0.5840287684657618,0.1216178803618659,0.4095424051950816,0.5422871689535449,0.9914486939309712
13320,ARCT,AMERICAN REALTY CAPITAL TR INC,9,0.01898888888888889,0.03903653559309678,-0.035,0.0145,0.0761,10,1794.46194,63.48620132489336,1692.5131,1807.453,1870.005,10,2094.6362,33.5575297223541,2056.066,2084.425,2133.164,10,146.359,23.042324969499067,102.136,153.971,170.631,10,-35.371500000000005,9.996051045287834,-48.629,-34.84,-25.076,10,1220.9333000000001,141.33875778981027,1100.238,1123.433,1402.907,10,0.356790283,0.06036235044898064,0.30427477,0.3229495,0.44389674,10,0.02264629792,0.04082187087456106,0.005238855,0.0073509314,0.13792282,10,0.0345252189,0.01099125881375223,0.019749537,0.03868501,0.046570975,0,,,,,,0,,,,,,10,0.6825784168770073,0.09524168644014389,0.5959214681028923,0.6296508074113727,0.8144522064324616
13358,RPAI,RETAIL PROPERTIES OF AMERICA INC,113,0.012176106194690265,0.09983015869316701,-0.4904,0.0082,0.5458,114,2742.282847894737,868.2516533394812,727.2399,2778.59715,4185.454,114,4481.222631578948,702.1948852839528,3586.362,4567.126,5941.894,114,537.949947368421,54.47513769964653,430.043,549.3625,608.185,114,64.76584210526316,92.89695869666502,-97.256,37.3225,302.371,114,2024.5255263157894,266.5270296448306,1576.97,2142.0460000000003,2390.907,114,0.48514702157894735,0.04090847225046645,0.42052317,0.47910971999999996,0.5888334,114,0.021562358571052632,0.027347423194117187,0.004028316,0.018131636,0.1772165,114,0.05127934002631579,0.010183233670467163,0.029385747,0.053897361500000004,0.06454758,100,0.04341676711232344,0.041604798734988964,-0.0001882696628077,0.0198453025678156,0.1333674497534072,94,0.5844088614233178,0.48448855697891563,0.1954007815537018,0.3396593402630391,1.7104499492913166,114,0.8593513102471225,0.4765700927425959,0.5165438910732059,0.6879688839354832,2.9357902608054305
13429,ALEX,ALEXANDER & BALDWIN INC NEW,95,0.001967368421052632,0.09397069987230319,-0.3931,0.0,0.2535,96,1484.1517563541665,332.93725278847717,811.02106,1432.0617499999998,2278.185,96,2021.8780937499998,206.5780265604803,1636.29,2095.25,2310.7,96,382.12431250000003,127.8785090615153,211.3,380.85,665.7,96,34.59715625,100.97860402234545,-177.0,30.9,276.4,96,1147.0874375,161.46287396079708,646.4,1109.0,1421.4,96,0.311613988125,0.04067446252666029,0.23888142,0.292731255,0.38659984,96,0.017496020593749998,0.0197532599299116,0.0010202662,0.009025456500000001,0.08485953,96,0.052853964640625,0.04363729666446279,-0.0005826461,0.041847005,0.17731065,96,0.03367286571649864,0.12547795292511751,-0.0598702810577083,-0.0016628043528451497,0.3531868811881188,96,1.2734366259961234,0.13015291671528342,1.0848879331073733,1.2215989978090875,1.5057159234191697,96,0.8043310837216896,0.18687877910403633,0.3822826569791347,0.7780390300639238,1.3864433033977828
13439,HTA,HEALTHCARE TRUST OF AMERICA INC,150,0.006270666666666666,0.06276118103724751,-0.2203,0.0109,0.1623,151,4931.548711192053,2018.1853307173174,390.7588,5605.6543,9993.532,151,5986.095860927152,3516.361434690161,2291.629,6240.475,14195.443,151,623.6357350993377,303.63871198158523,274.305,562.693,1350.336,151,12.211788079470198,145.2342754452318,-562.993,36.565,240.66,151,3025.904298013245,1923.1140374228598,1254.266,3106.168,7727.213,151,0.44894842794701983,0.03769479940285963,0.27890596,0.44542733,0.5093051,151,0.014137193184768212,0.013317093119191789,0.0018825177,0.010200391,0.054039747,151,0.04960165494701987,0.009941074082838836,0.013316456,0.05300671,0.06023863,139,0.017504532700172878,0.023530551654825985,-0.0407848139040157,0.0194938242310711,0.0655594061960231,131,0.38036621246490787,0.2135719591647285,0.0266650822988525,0.3948270763027037,0.7725834736268644,151,0.7245526423266934,0.6323375146087804,0.2214314298566438,0.5407030057113182,3.930191800915088
13500,AMRE,AMREIT INC NEW,30,0.026913333333333334,0.06464886447696448,-0.0776,0.014249999999999999,0.2645,31,292.077917483871,158.29170679091652,55.82458,329.7504,524.21155,31,396.70900000000006,51.555235146394224,329.878,397.394,483.718,31,44.68096774193548,4.22798039638999,39.036,44.75,53.056,31,7.053032258064516,3.3368139343178944,3.656,4.842,11.649,31,182.2918064516129,41.268074531789,117.207,171.144,227.267,31,0.5128015403225806,0.06231135236760181,0.44751343,0.5021397,0.6192738,31,0.014241404258064517,0.012277816301139598,0.0028677268,0.0076763807,0.03630365,31,0.0396540374516129,0.006683556803252258,0.028510747,0.038913168,0.049247503,20,0.0422303035265828,0.01924628652660478,0.0269136770962194,0.0269136770962194,0.0652052431721279,11,0.027816626358579823,0.4239769539681894,-0.3928571866278042,-0.2223513292472269,0.6192857284638001,31,0.9420098608036007,0.6573632278080461,0.4198920810865604,0.5391003927653325,2.1742439235404403
13580,SRC,SPIRIT REALTY CAPITAL INC,9,0.02388888888888889,0.0824327065618442,-0.1015,0.0236,0.1332,10,1543.49535,186.55305851206253,1247.781,1560.4283,1826.4546,10,3226.4082000000003,17.478193529843523,3205.141,3224.689,3247.677,10,277.6813,3.4639220882308224,275.53,275.53,282.701,10,-55.836200000000005,9.971999384944496,-70.287,-49.643,-49.643,10,948.1067,375.70435783680585,507.044,1224.457,1253.443,10,0.679566535,0.11714081040436157,0.5834564,0.59434015,0.8164369,10,0.025912420000000002,0.005584537716398499,0.017402116,0.024991412,0.03333706,10,0.030779058399999996,0.0025099296386428055,0.029220244,0.029220244,0.034416292,1,-0.0608188804756179,,-0.0608188804756179,-0.0608188804756179,-0.0608188804756179,0,,,,,,10,0.5993237029255187,0.19516659333976233,0.3360870624241001,0.7053469753078947,0.8338271784902469
13700,WHLR,WHEELER REAL ESTATE INV TR INC,123,0.003195934959349592,0.18550181979504785,-0.4664,0.0008,0.908,124,45.6211242016129,37.10656013986319,11.662001,29.792275,128.98471,124,368.0078951612903,177.87208043037893,14.612,466.2655,693.046,124,41.61745161290323,24.038638478670308,2.022,56.061,76.71,124,-9.459870967741935,6.111229627534142,-20.124,-9.7085,0.245,79,29.88112658227848,28.225006845343174,0.164,16.943,86.437,124,0.6821014158870967,0.06700917268207873,0.5126109,0.6932993249999999,0.81809473,124,0.05960643884758064,0.051086730082113174,0.0036955927,0.04081878,0.28110027,124,0.015824344772580646,0.028679258989025253,-0.04983713,0.03186783,0.05410183,117,-2.9240364090343274,7.888623621515984,-27.13815789473684,-0.2088241872949597,0.4564242321012888,104,1.9991736951559458,0.9349457140685346,0.4619760632620481,1.7862513874095614,3.709311068877302,79,0.4613775000410178,0.2712970747529219,0.0080628034421834,0.4756146224090392,1.114414928811293
13723,RESI,FRONT YARD RESIDENTIAL CORP,96,0.011450000000000002,0.1192662911745239,-0.3427,-0.01675,0.532,97,750.2937616494845,347.83082899453507,123.36192,634.58856,1792.8289,93,1968.023935483871,707.0308862251201,100.011,2076.749,2809.936,81,192.85685185185187,112.84340134275813,46.035,195.873,437.585,81,-70.41496296296296,134.8101471406589,-232.982,-114.109,188.853,93,748.1395161290324,386.1897992916801,98.927,688.841,1326.911,93,0.5455138557516129,0.20948760859383114,0.0,0.5746911,0.8146616,93,0.10873303796774195,0.1876962804562164,0.025117673,0.053798415,0.99994,81,-0.038164140033333335,0.03235947821944334,-0.10217589,-0.024385821,0.018358987,79,-0.13030730758761466,0.17475826535574182,-0.3106505649076369,-0.2642062966069881,0.1423252953664563,77,1.7238186336954706,0.4746401814816443,0.5664028493930994,1.9139301425321045,2.2589990441877204,93,1.03124645217033,0.5344995128158175,0.1073893644107124,1.1150826838791477,2.357384652252828
13736,SBY,SILVER BAY REALTY TRUST CORP,52,0.00560576923076923,0.05914293226287976,-0.1086,-0.0056,0.2777,53,623.8826686792453,70.03994278132524,497.21375,615.71985,813.7998,49,1002.2230408163266,202.2254804471525,677.302,1002.38,1268.076,49,73.994,39.643769130532995,3.616,77.93,126.635,49,-24.12116326530612,19.69362318571985,-59.262,-18.032,-2.463,49,590.2271428571429,68.104134619346,500.24,566.463,687.04,49,0.3274099369795918,0.188780913179522,0.0,0.37686408,0.53603023,49,0.09063629806122449,0.07740100834279544,0.03634377,0.07362897,0.36596084,49,0.007114100459183674,0.019462105162884952,-0.029373186,0.0086933095,0.029528486,47,-0.04129487401702285,0.036247847203734494,-0.0998370590841767,-0.0372864611830506,-0.0083729316187819,33,0.6049471368739843,0.07812049614228736,0.4073601469628714,0.6231157556902353,0.6999974695141049,49,0.9700850153523163,0.12363336836860433,0.6550111395654203,0.9998960902817448,1.142062077965715
13752,CONE,CYRUSONE INC,109,0.018389908256880735,0.06929268699717021,-0.1604,0.0249,0.2798,110,4836.906890636364,3260.3375766849167,420.204,5077.916,11783.737,110,3766.011818181818,2108.353750618941,1090.8,3543.8,7339.5,110,607.6600000000001,304.6360846541238,210.8,560.6,1155.7,110,-3.392727272727273,40.61904174308859,-85.5,-9.6,109.8,110,1439.53,903.2807426824273,297.5,1303.6,2847.4,110,0.487625113,0.057238531644328905,0.3906158,0.50169593,0.6410891,110,0.042497863067272726,0.05462444456776593,0.0040796646,0.021497983,0.21041931,110,0.05961580617272727,0.009305863244901635,0.035662588,0.063759066,0.070028365,93,-0.015068322250103133,0.032907993018774624,-0.0791925465838509,-0.0169307575428695,0.0171256454388984,90,0.49282038849756,0.24451672034441696,0.1380199024672213,0.5325527667533297,0.9742443134826568,110,0.36800236722128843,0.1822882550734761,0.1853960602627333,0.2970693359589034,1.0900916247949688
13756,LAND,GLADSTONE LAND CORP,143,0.005121678321678322,0.08612317345299177,-0.2614,0.0093,0.2925,144,326.7351574375,274.8326764240917,73.0054,218.14799,1257.2184,144,667.9590625,505.9894903971077,40.284,492.5535,1457.251,144,40.14395833333333,32.64357553685595,3.393,33.7615,94.904,144,3.19225,5.430843262188805,-2.449,0.8475,26.382,144,258.28041666666667,245.68498903937885,8.022,135.50650000000002,734.918,144,0.5734957079166666,0.10974316253746091,0.32871553,0.60399255,0.7724407,144,0.05895820332916667,0.1199708496704229,0.0052732597,0.0241837305,0.5527029,144,0.021586748347916667,0.009238339338774427,-0.013978833,0.0239835195,0.03420608,127,0.004135219133607375,0.011089161500021797,-0.0252514841688654,0.0062939237065101,0.020240495721911,124,0.7967777105712022,0.20599848741392404,0.326002643073072,0.7897752158540956,1.2949041611476189,144,0.7418479038756846,0.34206505947423743,0.0759455430835386,0.644160972207064,1.804482731609484
13803,AVIV,AVIV REIT INC,24,0.024779166666666668,0.07862716633729008,-0.0871,0.0242,0.2801,25,1221.2525552,322.65242604581675,847.88763,1213.3387,1858.4213,25,1290.49476,208.66137954456258,1062.573,1128.655,1677.488,25,141.91324,14.856525348815579,121.738,135.225,170.896,25,13.72892,16.682186859341915,-11.582,6.988,34.654,25,462.39404,95.3929551724864,326.568,434.983,616.981,25,0.5029928835999999,0.07056884759407654,0.43982503,0.5012781,0.6413237,25,0.02172454288,0.01243419721415545,0.009439114,0.014062093,0.041862216,25,0.050140242759999995,0.007997999459169016,0.038098443,0.050624873,0.05997734,10,0.0392846287751098,0.0,0.0392846287751098,0.0392846287751098,0.0392846287751098,5,0.2675753891834839,0.2729280076486106,-0.0127350861888467,0.2985005153794318,0.5374203424941373,25,0.3902219020988037,0.07588906165327797,0.2691482433607783,0.3499351961789089,0.5234243071725233
13886,ARPI,AMERICAN RESIDENTIAL PPTYS INC,33,-0.004869696969696969,0.04734618836855088,-0.1273,-0.0034,0.0806,34,575.1859085294118,25.89552550311485,511.75336,575.15344,633.4991,34,996.1602352941178,362.9653209507936,349.427,1053.537,1387.163,34,55.636941176470586,39.10156032300251,3.013,56.227000000000004,116.762,34,-26.71258823529412,13.243619948505902,-44.871,-28.3995,-6.139,34,537.2866470588235,86.47161370169225,337.648,573.298,597.41,34,0.3538838402941177,0.2137262528656112,0.0,0.411338125,0.5741462,34,0.059602586058823535,0.06650939874061887,0.023042355,0.0304551505,0.29111946,34,0.004284763661764705,0.009121727669256181,-0.007932987,0.00802483125,0.015914282,21,-0.05215702545182253,0.012232292529889575,-0.0659412575541159,-0.0418188513751025,-0.0418188513751025,14,0.4939633811745169,0.09944154425691393,0.2701054981654358,0.5120915116961711,0.6581767585553928,34,0.9349798917125683,0.15029946877968425,0.5381160230110837,0.9911644804777022,1.0772715737136145
13887,AHH,ARMADA HOFFLER PROPERTIES INC,139,0.0067028776978417266,0.07131730072684467,-0.3484,0.0136,0.2009,140,606.0715766428572,255.5043512342236,174.39241,662.72205,1017.0121,140,1387.2928214285714,724.238587136717,331.813,1217.858,2601.144,140,309.8901714285715,156.19469293538444,108.482,271.68,735.262,140,23.846507142857142,15.768496502963664,5.24,20.353,74.747,111,295.17602702702703,136.07223223590807,8.298,333.586,481.748,140,0.5770361790714286,0.09440131656771433,0.45871395,0.5622977,1.0113437,140,0.026927294835714287,0.011809412290789701,0.008442459,0.025642566,0.058783017,140,0.049026633478571426,0.007790760281424656,0.036409564,0.047125157,0.06728489,127,-0.18319305298699132,0.8782702773044827,-2.858045336306206,0.0701769627049144,0.3964236699765883,120,0.6499910641815172,0.18674041105313827,0.3169153434782878,0.6173072538858548,0.9674326917782456,111,0.3985425941428174,0.16988314750291228,0.0267290263513418,0.3910988034092422,0.7091470851345802
13982,COLE,COLE REAL ESTATE INVESTMENTS INC,7,0.04822857142857143,0.07783916568338663,-0.0613,0.0393,0.1631,8,6139.902087500001,764.880628256631,5182.176,6172.3645,7220.899,8,7657.80875,314.19879980936105,7340.577,7683.4490000000005,8047.495,8,659.95475,121.59918984898117,545.125,635.8785,919.242,8,91.468625,3.574764924838715,87.755,90.88550000000001,98.681,8,3759.69425,141.08551897215688,3631.523,3669.3305,3929.366,8,0.44433621,0.01342957959922584,0.43627933,0.442072865,0.47674412,8,0.023256594,0.003627180938792745,0.019210752,0.024386678,0.028301017,8,0.034975072125,0.001883060676329853,0.03252924,0.0346780755,0.039202884,0,,,,,,0,,,,,,8,0.6193738903451359,0.06635166516879529,0.5029183968947287,0.6160975332728664,0.7061967764753889
14037,REXR,REXFORD INDUSTRIAL REALTY INC,137,0.011933576642335766,0.06760403124659091,-0.1816,0.0119,0.1841,138,4991.871113405798,4105.012434621608,332.5314,3699.5829,12528.2295,138,4052.7468695652174,3579.073711355711,420.39,2728.2615,12381.123,138,287.8899347826087,242.9767556155285,34.176,206.93,867.493,138,70.36245652173913,77.01051302059463,-9.437,45.6505,267.164,132,2733.0568863636363,2444.258837338584,301.512,1827.9479999999999,7878.507,138,0.30053490369565217,0.11696107982009551,0.20446925,0.2713972,0.77629083,138,0.027731735102173912,0.027486363357749927,0.0030598831,0.012748623,0.11782393,138,0.03324298523695652,0.008706452458579006,0.0035909973,0.035724569,0.042807348,127,0.0192536177141405,0.01547114426676789,-0.0159733244501923,0.0267860924433303,0.034491961166891,118,0.5790873397585184,0.11049850236447258,0.3392975755998327,0.6033081464059094,0.8102655944232213,132,0.5454077026244158,0.15583736155649633,0.2690486053332634,0.5078402347129175,0.9594651983579028
14039,SRC,SPIRIT REALTY CAPITAL INC NEW,125,0.0097656,0.08269063420071301,-0.4115,0.0179,0.2482,126,4607.793815873017,943.3697829485717,2680.9763,4599.755349999999,6556.8975,126,6902.870547619048,1308.397077586016,3223.503,7303.1325,8695.356,126,554.619619047619,114.23462266944165,280.895,565.102,743.888,126,94.08219047619048,106.34721339700174,-94.722,95.36699999999999,325.633,126,3316.384452380952,666.9537996308121,1185.208,3331.026,4395.139,126,0.4636123807142857,0.06164410174974773,0.36817375,0.454599235,0.5994094,126,0.014109777575,0.012069757360775814,0.00096396625,0.011704241,0.065270685,126,0.048454968523809525,0.012967857047615518,0.01909876,0.0518244355,0.07146324,115,0.027416878586162218,0.02265598936730272,-0.0101862480979331,0.026464731615694,0.0649617679895903,106,0.7440372179888348,0.3179566531114404,0.3385758604406982,0.5373553892809673,1.1560085397451991,126,0.73288406718018,0.15170848515181395,0.3057436722973391,0.7432969762005939,1.1811379276706642
14071,IRT,INDEPENDENCE REALTY TRUST INC,136,0.01409264705882353,0.07336789956291859,-0.3258,0.0222,0.1618,137,1669.2025964160582,1588.2554083867242,79.563,929.2244,6028.958,137,2476.3813430656933,2264.851766764135,144.821,1653.017,6633.533,137,237.79995620437955,201.35125840788595,17.327,191.181,656.495,137,26.73578102189781,34.24894168002415,-17.227,25.291,118.103,137,1189.951401459854,1328.9953789868732,3.147,613.279,3596.664,137,0.5497081710948906,0.09320750455240512,0.37959847,0.57471466,0.7032758,137,0.019828235125547447,0.02092723901817098,0.005364083,0.010092834,0.10232234,137,0.028686106540437958,0.016260402295106526,-0.005820418,0.03659406,0.048560314,127,0.029010923227471164,0.0294201764313223,-0.0193380358111774,0.020856989520662,0.0775559522174928,117,0.8007129706062885,0.15339320846143592,0.1663990598469608,0.811455609023908,1.0197622481247837,137,0.6731395072462296,0.23562369144782272,0.0393152862696227,0.6694421258849417,1.277215553147215
14181,BRX,BRIXMOR PROPERTY GROUP INC,134,0.01005223880597015,0.08784518997056753,-0.4783,0.00745,0.3932,135,6240.89492962963,1296.0048392077501,2831.152,6467.212,9083.034,135,8889.044377777776,588.9734177027651,8142.496,8662.083,10171.916,135,1209.943288888889,64.44381480155485,1057.947,1231.143,1292.144,135,223.67253333333335,126.58566452358504,-75.479,274.773,386.933,135,2731.1582666666663,280.7624083529033,1606.606,2850.301,2922.884,135,0.6195675917777778,0.020372875576974654,0.59060544,0.620507,0.6915304,135,0.018671864270222223,0.018481185861991947,0.00041618146,0.011724829,0.070741735,135,0.05837226906666667,0.01073013850191587,0.027994022,0.061956868,0.07066052,127,0.0770768352101859,0.04817382674215122,-0.0399296810031129,0.0993938961412564,0.1291506396638481,115,0.9432699659341488,0.5399469926475641,0.0467206162154516,1.267691270657497,1.5838613205620593,135,0.4579951869542188,0.11904732149664327,0.3021309061460269,0.4222016132558813,0.974643197224796
14184,CXP,COLUMBIA PROPERTY TRUST INC,97,0.005028865979381444,0.075334672681811,-0.3372,0.0079,0.3412,98,2575.4109591836736,545.8122514053888,1211.0397,2643.56775,3538.4475,98,4504.904193877551,429.53339481007146,3925.801,4385.689,5603.439,98,422.2583469387755,117.8768195581139,293.998,376.79,578.585,98,65.09016326530613,55.05252508150155,-30.688,51.67,204.789,98,2668.5769897959185,134.86222619640145,2502.768,2642.3,3048.362,98,0.3649380368367347,0.04145895707028126,0.29171753,0.35686323,0.4553776,98,0.02814707160102041,0.03454301369204949,0.0021205624,0.010538366,0.13236159,98,0.03498169710204081,0.011721770786260157,0.010607791,0.035827592,0.050041664,90,0.025192121699560872,0.022297824854791332,0.0034625846766308,0.0170679758273486,0.0695282187227481,78,0.9959957572786354,0.09019295168630093,0.8456978428806508,0.9817397802192314,1.2645330119923597,98,1.0932629621373957,0.29047706912547216,0.7878661469604608,0.9918166583731928,2.100940139648079
14196,ESRT,EMPIRE STATE REALTY TRUST INC,134,0.0033783582089552235,0.09557826880604683,-0.2252,0.0051,0.6822,135,1999.6490032592594,672.1467183282506,924.30554,1846.2809,3390.408,135,3741.2397333333333,770.2302692061772,1093.773,4112.163,4664.558,135,655.1433111111111,115.72704596421693,279.697,685.88,773.602,135,35.843311111111106,24.61457687415188,-23.828,42.742,65.603,129,929.4168372093023,287.8542567932815,381.524,1011.279,1238.482,135,0.515214022,0.10643936003280241,0.4097992,0.49618453,0.96517175,135,0.10728225755555557,0.05192261605932698,0.028650792,0.10670245,0.22421503,135,0.04916768913333333,0.02369735758416327,-0.023644812,0.05179561,0.08964204,127,0.04270387038659727,0.031423658129263635,-0.0158370204567831,0.0497646922735048,0.0986945617123362,115,0.9585030207635549,0.2581896011356478,0.3862165215231781,0.86608209398395,1.3948549116099562,129,0.5092430138059748,0.23721303149487338,0.1678199712605396,0.4840103673022342,1.1686838109509106
14220,QTS,Q T S REALTY TRUST INC,94,0.01977340425531915,0.07776831205786482,-0.352,0.0172,0.2275,95,2412.703042526316,1181.3419676106823,580.0029,2368.5532,6002.355,95,2213.5365368421053,964.2711940465576,758.432,2130.582,4085.29,95,369.5135368421053,122.72883819016047,158.893,413.563,559.884,95,13.464915789473684,13.522736211743823,-25.078,16.498,40.154,95,718.3300210526315,287.4349001511354,124.919,844.362,1264.613,95,0.49489249905263155,0.07868980146303232,0.41259122,0.48134935,0.7818573,95,0.00802470504736842,0.008250496553356452,0.0034131713,0.0059622414,0.048668955,95,0.06718998461052632,0.007671184751902537,0.05120484,0.06948187,0.08089339,87,0.020848634576771993,0.018249078042525502,-0.0056706280538429,0.0257948776945311,0.0497905572366769,75,0.29004304600871617,0.1870997092318375,-0.0570190432482771,0.3296087461625602,0.6344704990468749,95,0.3085351041752833,0.07671277029520564,0.1701049274323277,0.3019921923669995,0.5523801866385567
14252,GLPI,GAMING & LEISURE PROPERTIES INC,131,0.010588549618320611,0.06640658637540449,-0.364,0.0138,0.2493,132,8535.106268939395,3336.164209791596,3014.6914,8027.8063,14273.82,132,7443.948204545454,3272.574443576471,267.183,8469.525000000001,11806.658,132,977.1958409090909,343.8234533875725,166.014,1079.265,1509.555,132,385.6012045454545,218.81563205374513,12.699,380.8145,778.016,114,2470.6385263157895,1105.3055576405002,146.711,2442.0295,4156.905,132,0.7030238070454545,0.1884824597564638,0.0,0.6470897499999999,1.0254011,132,0.02406056634613636,0.030000285134970276,0.0005898064,0.01318579,0.14016253,132,0.08194296975,0.022690208013280453,0.030902497,0.082192035,0.13249452,127,-0.056634952589236245,0.5033828705249079,-1.4862108773730116,0.1548249626664855,0.1890495690122459,114,0.8079947177309409,0.10774160210066865,0.5777102890372829,0.846271408311499,1.0330795295862805,114,0.25537405112503936,0.09155835753067013,0.0348396696333551,0.27472878751639707,0.3776469362370825
14268,BHR,BRAEMAR HOTELS & RESORTS INC,133,0.0042187969924812035,0.16851301682946057,-0.769,-0.0108,0.8412,134,303.954831880597,93.79511670099141,55.894302,312.37187,457.0737,134,1642.6737313432836,403.46989415307974,842.346,1636.487,2409.522,134,429.0788731343284,157.5952386846808,192.717,406.948,747.981,134,-9.27360447761194,31.390601181110863,-105.262,-3.681,39.47,134,332.35364925373136,60.86165969018977,146.62,340.565,448.758,134,0.617678356119403,0.04709555652294196,0.5188503,0.6123262,0.7430094,134,0.1162444658283582,0.03554636038505633,0.02840163,0.111460924,0.18678391,134,0.03190355800149254,0.019223592271144483,-0.030039648,0.0372224,0.05365433,127,-0.039894856449831984,0.12100353284005409,-0.3810499489577978,0.0010047366154729,0.0625526237386494,114,1.820649274006672,0.8413081414737893,0.1677389734319671,2.2181609231677157,2.8905165173879213,134,1.3100630892087846,0.8590803302746585,0.3366411326230796,1.123389339128269,6.505296668619612
14279,STAY,EXTENDED STAY AMERICA INC,90,0.005837777777777776,0.1003459863859551,-0.3133,0.003,0.487,91,3425.575428571429,820.9759259087684,1297.2765,3426.8418,5263.817,91,4267.188923076923,231.11837851755297,3922.886,4256.936,4612.173,91,1223.6312857142857,70.09472288906821,1042.316,1249.147,1289.501,91,163.17197802197802,63.40552657265034,49.916,164.662,283.022,91,1301.3263736263737,152.1349447826318,812.812,1335.318,1501.341,91,0.6452576483516483,0.04093959045101497,0.6079258,0.62885,0.7895867,91,0.06730919103296704,0.036335642817872896,0.019050386,0.062392294,0.16503714,91,0.09069491087912088,0.01972898623000256,0.044203356,0.09388161,0.114634536,84,0.12980823297196778,0.03802325120078917,0.061628024885029,0.1279402487801362,0.1901573345642208,71,1.19141155654842,0.23403771837603998,0.4349866064370544,1.1491024130086875,1.6425327709299302,91,0.40513030330716954,0.11582571479570293,0.1544149448430198,0.3908337693263513,0.976253672417272
14334,CTT,CATCHMARK TIMBER TRUST INC,104,0.005196153846153847,0.09067986355837988,-0.2789,0.0018,0.4452,105,453.1342457142857,97.16476057021579,192.84656,447.62918,640.2901,105,616.5185523809524,135.0728032165205,336.305,617.792,935.498,93,71.59867741935483,27.115494339295672,17.442,77.843,113.559,105,-28.228638095238097,50.36410216252242,-178.077,-12.283,61.988,105,301.28362857142855,117.26631514053618,128.545,321.656,463.985,105,0.46350267361904757,0.20112096774872432,0.0,0.45781726,0.733896,105,0.023824846681904762,0.017374437558312618,0.003153345,0.019965472,0.10073,105,0.04505729013428572,0.023163804903288465,-0.003162671,0.04374248,0.096386805,99,-0.12706171583955586,0.18978253121583466,-0.4844295866404348,-0.0335752273969879,0.3205523919562048,85,0.9696399847659165,0.2176142848282166,0.6434754891715674,1.008282293813807,1.3421432163947062,105,0.6940383737275814,0.2933167693611988,0.220334339284788,0.7509884221520091,1.3648456757634235
14500,BRG,BLUEROCK RESIDENTIAL GR REIT INC,102,0.019141176470588234,0.12309758050959038,-0.4483,0.0167,0.7953,103,277.89919364077673,176.59008214400941,52.153603,244.74287,816.06226,103,1515.7965242718444,845.5436039898788,156.407,1690.547,2599.333,103,135.95358252427184,83.43516686385014,8.782,133.537,243.078,103,14.934990291262137,32.808441311708584,-41.679,-0.602,91.712,100,105.63571,74.30133781852197,1.932,67.173,235.06,103,0.5889433603883496,0.046637541937143395,0.49414465,0.5957622,0.6897581,103,0.07414463385436894,0.04531106543403887,0.021689266,0.07044592,0.19308394,103,0.02533758482330097,0.010925338468361414,-0.008449469,0.028962467,0.035466816,88,-0.1889313484071769,1.779211754684912,-3.621321356813616,-0.0250277507978354,5.392603045804669,83,0.746543038230363,0.19731658765737548,0.289051795230263,0.6778450129172503,1.1576468673700175,100,0.46521110413323846,0.3181845333522647,0.0023674665027183,0.42371038888480517,1.220778200684548
14559,CIO,CITY OFFICE REIT INC,128,0.005576562500000001,0.11097131464799687,-0.3767,0.0054,0.4177,129,364.69851709302327,188.86864547778677,81.74844,379.72534,858.8848,129,975.7972790697675,471.8643620345088,143.639,1100.431,1632.183,129,118.80958139534883,54.70031676306502,20.894,135.07,181.59,129,49.71925581395349,135.61650525293734,-12.975,0.904,484.395,129,334.67420930232555,240.31442861591756,26.624,285.413,774.228,129,0.5685074853488372,0.10829595416218189,0.4123202,0.55134416,0.7979824,129,0.0569224938372093,0.033352978113044364,0.026309129,0.04482429,0.1524182,129,0.04034678402325582,0.014141393146356152,0.01676425,0.03965111,0.069819786,115,0.07237549742141264,0.2024478881409748,-0.1000987166831194,0.0148462249857342,0.6393674368017571,109,0.9124324247564768,0.6720994052611285,-0.026223747683307,1.174309033283495,1.8841563921946392,129,1.0846708091739992,1.0645797727177146,0.177635400836833,0.5571194555055285,4.446281388026193
14566,FPI,FARMLAND PARTNERS INC,128,0.005756249999999999,0.08452026151343366,-0.2597,0.003,0.2549,129,322.22125147286823,201.51345340848124,52.5834,253.0221,787.8495,129,865.9366976744186,381.97778123634873,39.669,1087.322,1168.09,129,40.31618604651163,20.59848297006945,2.35,50.745,62.087,129,8.773581395348836,7.891007564684068,-0.743,8.737,30.913,123,305.968487804878,162.05922911581607,27.855,298.626,580.786,129,0.47822552976744187,0.1394179779064486,0.35348073,0.45724452,1.0856084,129,0.042943236624883724,0.07365603805084947,0.00042854622,0.01948516,0.45735523,129,0.011872685715348837,0.008294543367101576,-0.003449103,0.013630931,0.03443954,115,0.02544748103285066,0.017248218730631218,-0.0085596310919557,0.02439295027093,0.0599226179630225,109,0.6836520323766287,0.18947940099761434,0.3510253494458005,0.6921577943277547,1.0242085758949664,123,0.9691682677146652,0.3677796786450819,0.3248476654194,0.9019396063055752,2.1665557528275965
14575,NYRT,NEW YORK REIT INC,54,-0.0028333333333333327,0.04760791911293909,-0.1028,-0.0001,0.137,55,1357.6321085454545,535.1268232282748,236.76721,1601.747,1892.1174,55,2095.7441636363637,730.4307918747718,431.818,2061.649,3747.907,48,148.76093749999998,34.99924505532681,57.974,162.998,176.546,48,-62.051562499999996,26.865803313051803,-93.897,-71.829,-19.279,55,1121.6091636363637,273.9206140460437,421.358,1093.178,1553.047,55,0.36522453654545456,0.12834385825877992,0.0,0.39143327,0.546478,55,0.07903363052727273,0.0952960352473477,0.013607376,0.036008738,0.31913763,48,0.0064253779375,0.006857121246394385,-0.0015647794,0.0053196352499999995,0.018470729,36,-0.0691742195302246,0.022736984495303342,-0.0886445100147479,-0.0811092404444146,-0.0377689081315113,35,0.5140380480232364,0.08573493905561431,0.3780892769453877,0.5117195172257625,0.6951572270866136,55,1.1090071066626368,0.8432385180367756,0.5770170122634516,0.704779682038352,3.9255748165810376
14598,HCT,AMERICAN REALTY CAP HLTHCR TR IN,8,0.0233875,0.053699971734496414,-0.0395,0.02055,0.1002,9,1857.5224444444445,95.76071960179077,1684.5548,1857.3966,2014.8604,9,1934.3360000000002,154.44533421974901,1734.573,1990.91,2077.525,9,163.83766666666668,33.848359254918115,125.353,162.664,203.496,9,-55.85966666666666,47.89577043174062,-119.69,-25.659,-22.23,9,1331.3663333333334,136.19119074301395,1150.157,1411.817,1432.125,9,0.27071270999999997,0.1045960541420966,0.15111327,0.26839083,0.39263403,9,0.049329744333333335,0.026408399016196765,0.014839773,0.06043447,0.07271499,9,0.032488296,0.0014796757055642307,0.030561412,0.03308487,0.033818606,0,,,,,,0,,,,,,9,0.7208482202531896,0.1019591287288156,0.5708370647876159,0.760105298781601,0.8501503995231975
14638,WPG,WASHINGTON PRIME GROUP INC NEW,79,-0.011945569620253168,0.20681347151322335,-0.6421,-0.0225,1.1659,80,1535.5263226625,885.7171082712173,36.4454,1527.90065,3255.6836,80,4566.1710125,859.3145318669315,2982.169,4451.407,7029.864,80,740.848075,98.82229345978837,562.027,728.087,920.409,80,57.92323749999999,120.31367334809664,-276.115,74.413,201.777,80,881.4464125000001,298.9624124178084,337.274,872.3,1883.68,80,0.669310290125,0.08605342861050672,0.3059336,0.67306155,0.80235404,80,0.020049776575,0.008413078437743407,0.00861137,0.018611732,0.038311135,80,0.0631409289375,0.024886884269934687,0.017863117,0.05944737,0.11204539,67,0.06371827793648761,0.19133306803266356,-0.6516541447013408,0.0753546825732685,0.2197333267917594,60,1.2524524433673563,0.41244970539841863,0.4997372318363004,1.11286633619399,2.3125759447718326,80,1.2348452705536697,1.8489016797770788,0.2443210299022248,0.6359651375888365,9.376135959541244
14651,CTRE,CARETRUST REIT INC,126,0.012890476190476192,0.08085113177050418,-0.2793,0.0154,0.2483,127,1718.492713464567,1030.8939303994987,318.34662,1757.1952,5601.271,127,1292.3387401574803,530.2513272619419,430.466,1450.013,2698.754,127,144.87459055118111,55.116836695686345,48.796,158.498,247.572,127,34.964535433070864,28.968916502247907,-12.201,33.832,84.41,127,711.9492047244095,400.04737181928004,108.286,811.031,1943.689,127,0.4629333386614173,0.12663998373193017,0.2486881,0.44547457,0.76657355,127,0.039406538148031495,0.057366798891601345,0.0006592007,0.013383055,0.19211636,127,0.07607075724409448,0.013191106406065982,0.045394264,0.0749376,0.09881231,115,0.03971543728234019,0.04668440977370143,-0.071768521619573,0.0499778458393839,0.0884621863999247,107,0.8804465291509418,0.0718665951362222,0.6480743526645226,0.8873022624325888,1.0029214129386108,127,0.41399475799838575,0.08530300019663563,0.2007492280971566,0.4156241594171254,0.6587497880199796
14686,NSAM,NORTHSTAR ASSET MANAGEMENT GROUP,95,-0.0013347368421052614,0.15269301894924425,-0.5303,-0.0049,0.4115,96,3151.372868125,1584.7233559353,851.613,2842.32135,8061.2817,96,16286.79190625,6822.420094681608,3463.816,16404.392,25990.764,96,1515.4240625,862.101952552259,299.991,1168.424,3081.885,96,-359.66171875000003,563.0138848336962,-1626.749,-211.346,487.554,96,3099.2556874999996,2469.9766056973754,536.6,1666.857,7575.223,96,0.41279423374999996,0.11264147633246807,0.11022693,0.437408835,0.5801646,96,0.060617458374999995,0.024071488499077857,0.027898587,0.0555968525,0.11982287,96,0.022121407293750003,0.014177048631070282,0.0013739396,0.0212861105,0.065581396,96,-0.268117873761085,0.6292447452740696,-1.7814865833855422,-0.16634684937402994,0.684282980607203,96,1.5426597560470503,0.2730267081512089,0.972687811906244,1.6838241540671015,1.9106700232376657,96,1.1673093665329364,1.0962690810171007,0.1640009182908595,0.5069960491442527,4.997852122787874
14974,SNR,NEW SENIOR INVESTMENT GROUP INC,81,0.007762962962962964,0.1303771399099977,-0.5568,-0.0039,0.4143,82,689.637347804878,241.3530884267169,212.17279,672.800285,1171.2959,82,2388.0195975609754,414.9454489375937,1756.772,2401.011,3055.252,82,388.7437804878049,83.43773755943792,176.106,409.963,484.388,82,-52.85419512195122,45.97740412566043,-159.355,-48.243,12.208,82,467.5033902439024,202.83621427052634,198.633,499.804,840.078,82,0.7608805236585365,0.06888476806076617,0.6234152,0.76297338,0.8462525,82,0.048837151963414635,0.027450185255233447,0.022282345,0.03679234,0.1363815,82,0.029463224805731707,0.012832323082016357,-0.0051423227,0.031024085,0.05295859,75,-0.13438892557551124,0.19662073502745664,-0.56418435698809,-0.0715503842500647,0.0241319667513367,62,1.2023694073634277,0.36934245192385856,0.6784136255140961,1.0383068445926633,1.848154923476197,82,0.6892481523872332,0.21384305596164063,0.2562805090702956,0.7092844979091942,1.213583400085259
15044,MORE,MONOGRAM RESIDENTIAL TRUST INC,33,0.011003030303030304,0.05419368900555029,-0.1066,0.0122,0.2317,34,1658.8661882352942,124.67559258169766,1452.8131,1642.38015,2004.264,34,3184.201029411765,89.09851037202733,2972.397,3200.102,3302.306,34,247.89450000000002,26.510741827749296,210.202,244.633,295.127,34,25.20385294117647,38.76762577447631,-19.003,8.689,93.761,34,1172.6518235294116,40.19541167955785,1118.33,1166.748,1250.381,34,0.4367669776470588,0.04392917350313493,0.3558152,0.45592681,0.4787644,34,0.039370544,0.01592468381084851,0.020760387,0.04002274,0.07072575,34,0.02810758082352941,0.004979710606801369,0.019199992,0.0293147825,0.03421613,27,0.02677587442746224,0.0334951132499889,-0.0050997693973818,0.008388156146709,0.0632484478224946,14,0.6895372164295717,0.05339300790984473,0.6348772607966597,0.6794217959672659,0.779553545416594,34,0.7112980045473294,0.06546410853311382,0.5954055830898213,0.7011839567320856,0.8149932972173383
15048,PGRE,PARAMOUNT GROUP INC,121,-0.004439669421487605,0.09440540545906155,-0.2675,-0.0049,0.6003,122,2597.945823114754,1092.1479377735932,930.0697,3088.20535,4100.207,122,8398.184106557377,1147.7095889461857,2922.691,8571.948,9030.441,122,661.2977049180329,118.47116212661719,301.03,703.855,769.615,122,-13.185286885245901,78.16515723228875,-259.744,-3.068,96.76,122,3634.466819672131,697.6577343018854,505.727,3727.643,4187.157,122,0.4077427376229508,0.0600853561834823,0.20854378,0.41736856,0.47506642,122,0.048505848581967215,0.018195956595778696,0.013619226,0.05439779,0.10872343,122,0.019212430912295082,0.014962629151267655,-0.018278953,0.024697771,0.036543638,115,-0.0041911662275299745,0.022453437802938007,-0.0810867593735805,-0.0024897211908255,0.0206814355977543,102,0.9909757018513672,0.2329101434216798,0.636382214277315,1.0193078320708657,1.3163607472927945,122,1.7605296361449847,0.9193213842608831,0.1233418190218429,1.2853720059061013,3.8234719923696407
15052,STOR,STORE CAPITAL CORP,98,0.012153061224489796,0.08488007817470873,-0.4379,0.0051,0.2669,99,6055.1498363636365,2374.880020082688,2313.7495,5792.3237,9799.786,99,6569.306818181818,2453.152040525244,1786.1,6321.74,10505.981,99,509.17672727272725,204.9315272228611,108.904,492.315,886.474,99,178.85960606060604,84.81576600813854,22.318,181.749,328.484,99,3484.054424242424,1363.8152755953602,773.914,3451.048,5361.322,99,0.45414754373737376,0.034119559912198866,0.4126585,0.4446577,0.5823854,99,0.020929058823232323,0.021391460214009714,0.0031379485,0.013425017,0.08704255,99,0.05013831233333333,0.007674000356890313,0.030756397,0.051055934,0.0637771,92,0.048092354483734515,0.009785708612628247,0.0304160527306777,0.0496626403651658,0.0635341224889279,79,0.5196004510582245,0.4413388464847901,-0.0096608185082442,0.3064033449182397,1.089227580811496,99,0.5789223522750616,0.10727705974427709,0.3228761033722373,0.5821811953938791,0.97399039802514
15142,UE,URBAN EDGE PROPERTIES,119,0.00703781512605042,0.09383844753545233,-0.4426,-0.0011,0.3809,120,2200.7185258333334,437.39165740568427,1069.6663,2224.558,2972.4558,120,2651.373175,479.8001310588733,1741.529,2862.1765,3279.809,120,379.47555,41.057601867458345,315.711,393.3565,437.899,120,90.83909999999999,59.500563945410214,16.202,83.59049999999999,290.715,120,815.606425,257.9974730903113,258.522,943.6355000000001,1184.124,120,0.594173793,0.04489421560580478,0.52025115,0.58967858,0.7398872,120,0.107868195365,0.057364180580076786,0.0072160726,0.10416328899999999,0.21408059,120,0.05546440245,0.016733499158039525,0.036893547,0.0498002515,0.13839996,103,0.11246999491793717,0.04843798799359735,0.0472573442334678,0.1031675862928148,0.2159547749611103,100,1.1010409199323221,0.5005221445410796,0.207870175118224,1.4142011764666145,1.6453303147114344,120,0.40143479827020806,0.18572869791687924,0.1088349757731559,0.4272337601761337,0.9286335835403684
15159,HIFR,INFRAREIT INC,51,0.002237254901960785,0.07597235802786251,-0.1809,0.0058,0.1823,52,932.1619255769231,174.52989060311518,721.3131,921.8105,1460.7344,52,1790.0181923076923,190.3799752619656,1448.503,1813.002,2031.03,52,167.04753846153847,25.152295739341078,119.196,167.79,203.778,52,28.83673076923077,21.281475468636383,-7.82,27.243,61.67,52,646.9575,74.39155799946819,440.387,669.438,688.04,52,0.45880536846153847,0.049804615716188765,0.39126986,0.46417478,0.57162875,52,0.011428060876923078,0.013730054599066798,0.0016544894,0.007011024,0.056085154,52,0.052218895311538456,0.022992685426552188,-0.004972742,0.06145431,0.06646766,35,0.03748457624025336,0.025739472989903,0.0187225960214102,0.0195642973324898,0.0726033370152898,32,0.09450808280173467,0.040561449675470686,-0.0468899582508066,0.09140718699909811,0.1829715996449262,52,0.723403748170877,0.16618323798280668,0.3241017549927031,0.727040421258242,0.9411349992331692
15194,DEA,EASTERLY GOVERNMENT PPTYS INC,118,0.003459322033898305,0.05924682578289236,-0.1451,0.00315,0.1527,119,1207.4939849579832,493.85292335590594,360.12482,1222.7963,2020.2413,119,1940.6017478991598,828.5957686762121,300.504,2223.7,2996.038,119,185.80424369747897,94.02744057490466,6.324,209.153,299.125,119,11.588487394957983,10.943959024654394,-8.978,7.207,31.474,119,897.7318403361344,376.3427932415436,4.612,1046.464,1322.201,119,0.35637801781512607,0.11510303573350873,0.0,0.4039405,0.4684687,119,0.014805290716806724,0.02409883859740436,0.0051687635,0.00712746,0.10827214,119,0.03431883595798319,0.034311254000362314,-0.07452813,0.04283538,0.07606288,103,0.010346797602696209,0.008965781126683947,-0.0044902362542841,0.0067822864407912,0.0252827378681175,99,0.44463554568270997,0.1325005133752066,0.249869387913691,0.4448205793716394,0.7905760980284322,119,0.7464306750175675,0.22702786653141813,0.0118897733668068,0.7315095600339918,1.2500903107082424
15216,XHR,XENIA HOTELS & RESORTS INC,118,0.005604237288135592,0.11051832303053495,-0.2931,-0.0055,0.71,119,1884.9080022689075,434.6840445863769,905.29877,1936.0149,2715.4219,119,3088.6954873949576,171.91942568909687,2834.482,3080.055,3878.351,119,914.7210672268908,233.31146837718353,242.275,976.144,1578.775,119,31.484159663865544,98.98339413948483,-183.543,53.67,193.688,119,1577.8511428571428,154.88115796144942,1282.466,1609.018,1880.498,119,0.42867062016806723,0.04884246560108535,0.34488627,0.42454648,0.49252194,119,0.09569978280672269,0.035828446585423855,0.041859105,0.0931932,0.17951871,119,0.05321510061176471,0.030669668962764414,-0.037802845,0.06300109,0.08309417,103,0.016939497979817662,0.07006760891602178,-0.1050978878110773,0.0388028446075203,0.1061936616494317,99,1.2069993755754798,0.29168774072703685,0.590339364718702,1.388495838437192,1.540653248755044,119,0.8837684168866741,0.24441770996687054,0.6005289350822117,0.8322383846229526,1.8441094397878324
15231,NXRT,NEXPOINT RESIDENTIAL TRUST INC,116,0.01730344827586207,0.09403410383290828,-0.4265,0.034,0.3017,117,909.6760427350426,471.92332676490815,252.12096,883.9558,2307.6914,117,1530.6538974358973,520.8099015492584,697.335,1624.282,2269.395,117,179.95315384615384,62.584274401721046,43.15,170.78,278.16,117,27.054102564102564,41.16320638825168,-19.877,19.549,131.455,117,349.5933333333333,119.50640459723746,176.258,354.415,531.621,117,0.7407981694871795,0.023626879148335632,0.6868389,0.7434972,0.80482185,117,0.04712227720512821,0.02326464320313047,0.019468859,0.038147062,0.11333689,117,0.03207565100769231,0.009826912704849557,-0.0020612462,0.032897696,0.04582413,103,0.08003856409245302,0.09652103073677272,-0.0488923393576109,0.089490198615514,0.2325914212851415,97,0.8523185110802479,0.1921950726747785,0.3788307230716043,0.8574163258868386,1.158076413495241,117,0.44797613088574184,0.17277769818010172,0.1756842418988973,0.432465058611317,0.914842077364308
15279,UNIT,UNITI GROUP INC,116,0.0057715517241379325,0.1559628711702185,-0.5158,-0.00715,0.5419,117,2532.467819059829,1108.0519234965298,693.0708,2682.0645,4872.4136,117,4141.258025641026,1257.346740150653,15.427,4745.374,5119.23,117,909.6494615384615,307.2373841451775,34.202,1057.611,1159.018,117,-61.77017948717948,216.9660328804717,-706.301,10.582,185.618,12,13.955,0.557192964779707,13.031,14.263,14.263,117,1.0622330051282052,0.268681441673862,0.0,1.0736064,1.3914855,117,0.028701830820512822,0.037125529581459524,0.0,0.017107747,0.22447966,117,0.1759661567179487,0.26170915812269696,0.03170904,0.093591765,0.9439544,103,0.030379054814391345,0.11148529536524637,-0.058116582823885,0.0001511645732987,0.3297916847601251,97,1.1674535878365795,0.16266638797445074,0.7436938606589798,1.1269538602603952,1.4548927672443726,12,0.004408591124027267,0.0006147187581792493,0.0031534312573535,0.0045221264978349,0.0050690160019301
15338,APLE,APPLE HOSPITALITY REIT INC,115,0.00535391304347826,0.07217205962624407,-0.2907,0.0,0.3394,116,3609.074094827586,609.8825994247518,1968.7739,3587.4027,6867.053,116,4703.497129310345,472.61805576851276,3610.395,4902.338,5306.37,116,1083.832568965517,226.5523201557078,522.582,1183.531,1390.305,116,111.42275000000001,108.16383983559587,-216.873,145.608,226.349,116,3206.716172413793,268.4013110917657,2625.569,3194.804,3571.085,116,0.2964178896551724,0.043040586391534005,0.16702083,0.31078166,0.37812307,116,0.011152817975862069,0.01383753777184535,0.005489331,0.007118375,0.08868492,116,0.06592496705172414,0.022336828145393315,-0.0018085625,0.075495295,0.08341845,103,0.03200909953496614,0.03580861600636434,-0.0571763485662091,0.0455591580027026,0.06045332809232,96,0.8848703575592465,0.20343708686604445,0.4879578646255751,0.9778622130554012,1.1154500820611823,116,0.9148469115194902,0.18838305644349776,0.4389981850931407,0.8787682127287229,1.6227378855675465
15343,CHCT,COMMUNITY HEALTHCARE TR INC,115,0.006612173913043478,0.06700901241797737,-0.1963,0.0049,0.1978,116,682.4419353793104,321.10559452509085,120.7923,730.344925,1223.9131,111,557.6331621621622,268.86594493939776,127.05,562.531,983.196,105,65.36231428571428,31.897476440848834,8.667,65.619,115.085,105,10.024142857142857,8.106715603351729,-1.456,7.84,22.894,111,344.1190810810811,132.70773240697937,119.594,353.411,522.294,111,0.3065442817837838,0.12826510694428342,0.0,0.34640506,0.46955338,111,0.02035207135135135,0.053161484632886585,0.0007465449,0.00560752,0.30943513,105,0.06108598802857143,0.012178016896731612,0.020804886,0.06240759,0.07521643,103,0.02336452776084254,0.018988442674382447,-0.0119080722990103,0.0162078193617733,0.0486721833668028,96,0.5699260638246834,0.13052125374446907,0.3275672819296771,0.5698647181955785,0.850351632653541,111,0.5311013586599536,0.17978996140856915,0.2906068861580794,0.4959065851622856,1.0047354700948254
15455,GNL,GLOBAL NET LEASE INC,114,0.0015649122807017538,0.08808469574911112,-0.2753,-0.00525,0.2212,115,1519.4446944347826,229.00529959543096,999.32556,1495.7235,2291.873,115,3854.7576782608694,1531.8441239660535,2390.889,3608.599,8184.713,115,317.58395652173914,118.1801979590424,93.383,300.755,734.225,115,-8.650217391304347,75.27271216060791,-244.177,14.361,48.081,115,1516.9830000000002,365.2426373564636,1147.801,1416.669,2797.728,115,0.5415131312173913,0.06531527254297453,0.37446573,0.533357,0.65020305,115,0.037201594269565215,0.02031576711219844,0.014111102,0.02967572,0.09115854,115,0.038961858935652176,0.01133212999687329,-0.0039908644,0.04207227,0.059459973,103,0.007048188562566743,0.026166952651981303,-0.0803446581475269,0.0076446892665672,0.0349760865661852,95,0.9909945099411223,0.13786829274194753,0.7730633343616429,0.9686081211547116,1.2701458944201571,115,1.0053615080464615,0.19974776761030963,0.5855730051189301,0.959055457650059,1.684615812733408
15586,TIER,TIER REIT INC,46,0.015706521739130435,0.07961342265995634,-0.1863,0.00915,0.1893,47,934.3885431914895,242.03890080297984,620.711,880.7896,1591.2318,47,1710.5142978723406,163.5245036188121,1552.54,1662.342,2116.165,47,252.1272765957447,30.59149941654164,215.718,246.556,296.227,47,-3.8810000000000002,57.87127530318811,-65.168,-29.417,94.844,47,695.8175319148936,58.758947724118514,617.324,685.263,822.6,47,0.52209306,0.03920904614122586,0.43982103,0.531374,0.57795036,47,0.026316637276595747,0.0244580922025214,0.009278476,0.014423461,0.10562768,47,0.02324101823617021,0.01846046055126779,-0.01064205,0.032711204,0.04428423,36,0.008817644854685731,0.08299466027945558,-0.0505242593343101,-0.0475583060920287,0.124535499990396,27,1.0056367216074795,0.055446264466943486,0.8859608404278887,1.000393787374808,1.090143423310488,47,0.782460665465251,0.1720810117438773,0.4922581461032541,0.7542245522959694,1.1112998481256886
15598,CCP,CARE CAPITAL PROPERTIES INC,23,-0.003165217391304348,0.057322307324426905,-0.1146,-0.0063,0.1286,24,2333.7012833333333,222.14594609431617,2021.7568,2248.6228,2757.1243,24,2870.245166666667,73.67255595312726,2773.493,2834.642,2971.271,24,327.8852083333333,17.896273287011592,298.688,333.911,347.904,24,137.97116666666668,12.270190394563583,117.723,139.4385,157.886,24,1488.4472916666666,593.90384787398,1156.16,1196.168,2706.205,24,0.4064497095833333,0.21306105900392933,0.0,0.51103956,0.5225987,24,0.005287315741666666,0.005580710789118907,0.0004718754,0.004555778,0.029051518,24,0.096029452375,0.009691542063005614,0.086076684,0.08976054,0.10939509,14,0.11611194643714369,0.004512640771698774,0.1054603661208477,0.117887209823193,0.117887209823193,4,0.2890287622177352,0.014528564242138903,0.2710959571304051,0.2917798488298396,0.3014593940808565,24,0.6257193223282297,0.18840229880675205,0.4750034150967728,0.5498020957711127,1.0240786225880774
15708,NRE,NORTHSTAR REALTY EUROPE CORP,45,0.017586666666666667,0.09935380671665735,-0.2007,0.0181,0.2811,46,714.477902826087,88.14303007565714,561.253,706.551425,893.717,46,1941.9532826086956,547.4145042218279,104.692,1965.233,2683.05,46,129.4291304347826,29.09452439099433,38.918,131.391,168.298,46,-31.28565217391304,103.55265391442543,-155.855,-39.623000000000005,219.543,46,624.264804347826,149.3598218139477,21.439,627.1445,807.595,46,0.6284367202173913,0.06086516806225621,0.4718128,0.638160625,0.75063044,46,0.08089219217391305,0.08659505339498001,0.029279627,0.0414817,0.32614157,46,-0.002793944326086957,0.03414109208968993,-0.0915041,0.014594227500000001,0.023946,39,-0.07993892389184257,0.12507720304088313,-0.1822067825996188,-0.1043417579929507,0.3078921390346547,26,1.5117666136408483,0.22334438988306557,1.1956252952767703,1.5784960679391369,1.8430526495926447,46,0.8936634811750289,0.26566230015911385,0.0288124100413388,0.8629500998968616,1.4389143054970308
15711,AFCO,AMERICAN FARMLAND CO,15,0.018273333333333332,0.10767981284919703,-0.1719,0.0051,0.3058,16,119.932955875,20.800352198622978,98.474525,117.92182550000001,164.46588,16,204.4116875,36.18271985302513,154.625,190.286,245.187,16,9.9938125,1.063351570507139,8.657,10.15,13.054,16,-6.0150625,5.422293431980604,-11.578,-7.875,0.599,16,119.6061875,13.212454146088847,103.237,127.262,132.371,16,0.2551779775,0.08589377312169269,0.14294273,0.2886386,0.33544394,16,0.02725154784375,0.025116543327251526,0.007742322,0.018402092,0.076300934,16,0.00842703314375,0.008911144147271382,-0.010843528,0.0062944945,0.018478196,8,-0.059491882663121,0.0,-0.059491882663121,-0.059491882663121,-0.059491882663121,0,,,,,,16,1.019346903690065,0.18159459311422943,0.7702874350638231,0.9952483657974405,1.295102720732073
15719,FCPT,FOUR CORNERS PROPERTY TRUST INC,107,0.010900934579439253,0.06836358334245075,-0.3372,0.011,0.1967,108,1871.7570818518518,428.06999082518155,701.39624,1950.4791,2873.967,108,1529.904972222222,582.240810053701,11.46,1479.1125,2485.914,108,163.74055555555555,58.6422992580263,18.333,162.3865,263.712,108,84.09972222222223,26.08903347179062,-0.276,82.2655,156.809,108,766.9099444444445,299.9660756281516,9.625,695.7855,1262.02,108,0.4532017983333333,0.07924138100923027,0.0,0.46290934,0.5122986,108,0.0291169372625,0.027502791360579402,0.00061082025,0.018303234,0.10551871,108,0.06551884127777778,0.010590206830442227,0.023339937,0.065639323,0.08365911,103,0.11883467207646271,0.0863675171328133,0.0129041169091707,0.0919043544400076,0.3372091522945249,90,0.5206527737309808,0.3885202643226862,-0.2639379317559534,0.750921717663996,0.9621612807252996,108,0.39609045990004055,0.10340326106552379,0.0089625540997806,0.38112133101114676,0.6495089449041325
15912,SELF,GLOBAL SELF STORAGE INC,100,0.006301,0.055912410748934584,-0.1775,0.0015999999999999999,0.1862,100,44.77190609,11.459021562600357,28.383781,39.05306,65.86035,78,64.60496153846154,3.7950339609462347,57.976,66.043,71.361,69,10.411608695652173,1.6084693602504359,8.187,10.198,12.498,69,1.6528695652173913,1.1525808624566343,-0.113,2.058,3.281,78,43.2575,4.6710715885880365,36.407,44.208,48.635,78,0.3037469653846154,0.042432966122453064,0.2523863,0.326237875,0.36273772,78,0.06169846857692308,0.0326056458097482,0.022716297,0.048094311,0.117585234,69,0.049183728391304346,0.017560618043431387,0.020234259,0.050344847,0.072334856,67,0.03318316699169457,0.02411779870865545,0.0068433277554384,0.0166371015427619,0.0696336856403073,100,0.4211594931599012,0.10934213460060373,0.2402585005319764,0.4227236660135145,0.614185095760261,78,0.9557260558974175,0.1758096861418965,0.6857109477511654,0.9027006338556486,1.310819056121327
16042,MGP,M G M GROWTH PROPERTIES LLC,71,0.014728169014084509,0.05972434340510599,-0.1587,0.0142,0.1738,72,3083.001333333333,1556.2858140557587,1103.5,2783.15815,6494.8745,72,10299.309874999999,1227.4870281876308,7793.639,10290.0295,12326.685,72,707.2151666666666,296.5620008603764,0.0,862.4905,1004.945,72,34.164,105.25363102819647,-261.954,47.489999999999995,194.938,72,2529.6914583333332,1711.9760056234413,1326.109,2067.5825,7852.529,72,0.36792767083333333,0.11517043072050227,0.0,0.38282262499999997,0.44749793,72,0.03532764175,0.03480373723876752,0.0,0.028806335500000002,0.14784783,72,0.03538157582083333,0.030461505661642827,-0.025622446,0.0483649785,0.06915687,58,0.031221439233111502,0.007519550828111261,0.0224453579464049,0.0288341539036078,0.0428264635807431,52,0.46790074665133585,0.35293887627658327,-0.6578928711691224,0.6419095934580108,0.7232608499031192,72,1.110915501318587,1.440796169159454,0.4619257696732631,0.7335851821865995,7.062654426965338
16136,GMRE,GLOBAL MEDICAL REIT INC,102,0.00819607843137255,0.09076912276669516,-0.2613,0.0025,0.2476,103,505.98011194174757,274.76074274714347,128.69986,567.7929,1139.692,103,868.9706019417475,425.7155218772995,65.329,956.168,1406.749,103,77.98512621359224,48.685258472387005,2.062,77.175,144.394,103,8.309466019417476,10.02764388862944,-6.353,9.234,26.739,102,345.72211764705884,178.9870205270604,12.135,352.8035,573.707,103,0.49088189106796115,0.11887210927213589,0.19602898,0.4883243,0.9786925,103,0.03179005968252427,0.06800517584320477,0.0058349767,0.014812998,0.40360364,103,0.03414192876796117,0.02186291680485062,-0.012341697,0.03877727,0.05585493,91,0.01834389642701137,0.032286383235859535,-0.0409796939907629,0.0259885002153043,0.0694158570722871,83,0.7291995758197766,0.15287895514628422,0.4304824748632396,0.6921542926974522,0.9985329899023454,102,0.705677464194072,0.24527502816743826,0.0673713263943207,0.7561238946192008,1.2615513140334786
16266,RVEN,REVEN HOUSING REIT INC,38,0.008523684210526319,0.13842084367767063,-0.3681,-0.0002500000000000002,0.5097,39,48.60794723076923,9.027788876650414,27.7866,48.5716,63.49161,39,65.20371794871795,15.426596164022293,39.961,61.874,92.999,39,7.301794871794871,1.5141800139712103,5.23,7.307,10.157,39,-2.151358974358974,0.6880043790856465,-3.645,-1.779,-1.262,39,30.714897435897438,4.773311372924249,18.934,32.288,34.777,39,0.4835002366666667,0.09523469226087278,0.3469777,0.48559937,0.6553686,39,0.13930060815384615,0.07805688745777843,0.042789698,0.113327086,0.3044362,39,0.006352750276923076,0.005769934747963985,-0.0052706515,0.0066705905,0.01589024,29,-0.06190169839906287,0.019307136720282867,-0.1032023813417945,-0.0556415626992077,-0.0509532162061132,19,0.44617875435564613,0.3704337602065882,-0.1704832454655764,0.2870246444200529,1.018110804497702,39,0.662081837224026,0.18926731104588324,0.3266532702008425,0.6845374608060322,1.185571508125702
16332,MRT,MEDEQUITIES REALTY TRUST INC,31,0.009277419354838709,0.1403307467133211,-0.1729,0.0,0.6915,32,340.9984153125,40.56715856346044,217.94293,350.99612,400.98788,32,565.56975,42.413240544479294,518.899,557.25,632.789,32,56.593906249999996,5.977000431003642,48.925,57.213499999999996,66.291,32,15.105281249999999,4.521953640275227,5.663,13.765,21.06,32,328.99671875,49.61234602410089,141.698,353.025,355.752,32,0.382303720625,0.06657663807554523,0.27705467,0.38827762,0.47022638,32,0.01502966240625,0.00529359178357307,0.006639696,0.015060615,0.023464063,32,0.056706163156249996,0.011062060665779505,0.03708345,0.058366187,0.071187735,23,0.043815268863117526,0.013620832674748212,0.0310609638174908,0.0310609638174908,0.0577290561856194,12,1.1368925383423212,0.7895168529732937,0.4004784059687471,0.8190926530360199,2.2671342542476363,32,0.985902250439882,0.23456166405061044,0.3986579864163883,0.983165269091134,1.6198048131999667
16340,PKY,PARKWAY INC,11,0.025427272727272722,0.0684737773298522,-0.0472,0.003,0.153,12,1042.2522433333334,79.72615228484463,904.44183,1037.961,1133.5597,12,1497.92275,671.5949033621554,854.963,1486.4165,2163.895,6,118.279,2.5348599961339127,115.965,118.279,120.593,6,-6.279,1.8523976894824714,-7.97,-6.279,-4.588,12,824.005,306.3642165566397,529.827,818.986,1128.221,12,0.33896972500000006,0.017928418119502833,0.3236912,0.33281809,0.36655152,12,0.052983230250000006,0.04420238234198085,0.009321941,0.048083640000000004,0.1064437,6,0.014849878000000002,0.0,0.014849878,0.014849878,0.014849878,0,,,,,,0,,,,,,12,0.7843333702743799,0.27092792089709966,0.4866279627872048,0.7819073021830094,1.1501329202456068
16346,QCP,QUALITY CARE PROPERTIES INC,19,0.029026315789473688,0.1586230887008756,-0.1843,-0.0063,0.5682,20,1591.998925,263.2760758013991,1162.3059,1578.9983000000002,2069.486,20,4669.98275,214.69357120222688,4392.064,4789.375,4940.765,20,437.48954999999995,72.75283703817077,318.498,471.171,538.356,20,-150.64405,273.3469887954204,-487.506,69.178,118.673,20,3333.14675,945.3510324604781,2598.693,3034.726,4934.321,20,0.2852837745,0.16991932042840505,0.0,0.35768113,0.4012191,20,0.0419809378875,0.029092643705767304,0.00053594937,0.045354076,0.07413621,20,0.08704681425000001,0.03862882542543011,0.03146539,0.109551035,0.13095228,13,0.01155265968227214,0.0547522651626781,-0.1706738936948078,0.0267382057970288,0.0267382057970288,0,,,,,,20,2.139720064983317,0.6444022231524318,1.255719108626188,2.014169837699958,3.514698806035465
16515,IIPR,INNOVATIVE INDUSTRIAL PPTYS INC,96,0.02953333333333334,0.16286559564749717,-0.3713,0.02185,0.7939,97,2165.5879710824743,1738.2225043699127,55.308502,2121.5066,6295.2173,93,1312.432064516129,970.7022351570135,63.327,1499.85,2430.734,84,147.67017857142858,119.0930037312806,4.576,130.5375,321.875,84,78.46271428571428,64.82467355384959,-4.871,72.7575,165.588,93,1039.6065161290323,780.7148537565987,58.549,1255.987,1961.763,93,0.10826309732258065,0.08751662456558591,0.0,0.124875806,0.31682557,93,0.30437524699999996,0.17374106469615752,0.0671162,0.3264196,0.61119914,84,0.052328903249999996,0.12958537549303795,-0.60771567,0.074791455,0.11112188,79,0.04778486452897892,0.028283121282411793,-0.0012092710782667,0.0439605918340976,0.0854002887110274,77,1.5199615515786393,0.42071426584247157,1.0539156011230382,1.305071665382558,2.490354724116947,93,0.5056417515786282,0.26541198880578426,0.171126171042812,0.3777205456531195,1.050606422291963
16577,CLPR,CLIPPER REALTY INC,94,0.0005010638297872339,0.120337925174964,-0.5319,-0.0117,0.4104,95,144.2444955368421,51.36801433656955,58.037968,135.89297,241.00989,95,1155.5890315789472,97.53390178013221,905.208,1211.616,1274.602,95,119.74011578947368,13.804494336653748,93.005,122.537,153.371,95,-4.3964105263157895,2.044716385133327,-7.858,-4.484,-0.057,95,41.34483157894737,25.78501868092378,0.279,39.462,80.958,95,0.8808800742105264,0.06153453908730841,0.76919705,0.88189286,0.97609764,95,0.05152043067368422,0.026470038956151576,0.020597195,0.041656375,0.12407226,95,0.015975722184210527,0.005006164557581718,0.008128603,0.016405448,0.025752993,79,-0.32187986521145157,0.5858969467565784,-2.150145772594752,-0.1243221326846079,-0.0290910996959849,75,0.8804843113953319,0.4396664646549903,-0.0330297150893274,1.062067685411379,1.3346445803227605,95,0.26651200792581053,0.150301381824874,0.0030445587947693,0.2803698687190202,0.6490777896428008
16581,INVH,INVITATION HOMES INC,94,0.008030851063829787,0.062016940152949895,-0.2551,0.00935,0.1324,95,16829.94268105263,5245.708372688473,6583.13,16714.467,27057.506,95,17020.61012631579,3136.456216102344,9519.326,18250.566,19466.197,95,1789.5160947368422,465.4883027231584,922.587,1803.005,2519.194,95,172.04,214.01771804908154,-211.798,178.558,541.578,95,8215.48207368421,2346.8267282252314,1956.293,8498.085,10315.126,95,0.4932856707368421,0.08399490667794635,0.41594207,0.47063908,0.7778469,95,0.03174460912631579,0.011468075022679993,0.016457569,0.028551593,0.055177204,95,0.03707999436315789,0.019712410957648138,-0.020482758,0.039263275,0.059792016,79,0.018463554854630145,0.01913931383562813,-0.0123953808416837,0.0230706687086447,0.0511492204930478,75,0.6436641908518951,0.14338868621450918,0.1254017700437779,0.6816890607821163,0.8118374979585642,95,0.49795259573845285,0.12009394375573626,0.2913988788409066,0.494029041210768,0.8073721938859948
16768,PLYM,PLYMOUTH INDUSTRIAL REIT INC,90,0.009274444444444446,0.09468452356376347,-0.3855,0.0031,0.272,91,521.6536084945054,386.17586702549363,56.896,473.72092,1107.36,91,890.3279010989012,495.240888962826,137.443,806.824,1531.143,91,107.60542857142856,64.25082808634417,19.888,102.367,200.676,91,-10.593956043956043,11.901381159729215,-36.987,-13.424,27.094,81,245.48444444444448,190.51642740476476,2.027,229.637,496.611,91,0.6649205078021978,0.1565450521851878,0.5196152,0.6110658,1.240878,91,0.04108667756043956,0.03256027563130506,0.018173257,0.032715466,0.20077284,91,0.033215802438461534,0.04441824259580909,-0.19429873,0.04456954,0.056780677,79,-0.11252333723741367,1.0416798846623478,-2.125732421875,-0.0421846760116817,1.6124752304643752,71,1.054970394697949,0.09665813286561704,0.8154941820638493,1.0579586959678444,1.3449499090138848,81,0.34972637234972315,0.1800223197446578,0.0248425670345642,0.4056877338261558,0.6317216842970431
16770,SAFE,SAFEHOLD INC,68,0.014645588235294119,0.11253249936388,-0.2996,0.00895,0.2215,69,2007.9976063768115,1480.1465687789694,290.8581,1925.6146,4816.6753,69,2325.069057971015,1681.4343309076742,155.667,2566.561,5791.874,69,105.50488405797103,72.92874180110502,21.743,92.993,257.995,69,36.41060869565217,33.470058672867864,-1.823,27.693,134.907,69,970.8739130434783,626.0284042412965,154.091,1091.812,2113.832,69,0.5237438014492753,0.21279415542261396,0.0,0.52679145,1.4103912,69,0.05300084136231884,0.05916367786600351,0.0,0.024930008,0.23317361,69,0.010544315679710144,0.010414714737129625,-0.0011202312,0.008555068,0.05076204,57,0.027131426162510727,0.018106967346160983,-0.0051217216626631,0.0330377570345939,0.0434666565216926,49,-0.15329298888772885,0.26316780781872123,-0.4671878931533009,-0.2247197831488276,0.358797326158891,69,0.6534541710672829,0.34771084416819875,0.2614759558415174,0.4554404919930269,1.23163492845812
17226,COLD,AMERICOLD REALTY TRUST INC,51,0.013652941176470588,0.07761029146431851,-0.2033,0.0134,0.1674,51,6679.615782352942,2122.188721593816,2719.148,7128.0674,10198.96,51,4639.416843137255,2177.8279943062753,2388.362,4170.683,8216.197,51,1864.1839411764704,328.9358342880515,1535.872,1789.88,2713.627,51,23.666137254901958,47.15936708312341,-66.497,27.481,104.073,47,2201.612510638298,1352.3196871662356,661.291,1878.326,4202.222,51,0.5156337056862745,0.11600557710469084,0.40241253,0.46322557,0.7958932,51,0.06064635629411765,0.02475398998439701,0.011247905,0.06942381,0.10280281,51,0.05514351343137255,0.015528268666171888,0.02839735,0.05855453,0.07430458,0,,,,,,33,0.09791161757545556,0.22889501267126366,-0.0612251615007438,0.0224675332064533,0.6371750178587975,47,0.29650031251802456,0.14468169845431106,0.0981853216533861,0.2603692345509448,0.5912659170129062
17287,CLNC,COLONY CREDIT REAL ESTATE INC,82,0.0035548780487804884,0.13672775974378004,-0.6826,0.0056500000000000005,0.4182,83,1192.032403373494,451.1238123331295,506.357,1083.3059,2649.6719,83,6005.106662650603,1889.451373189933,1802.192,5840.092,9040.478,83,371.2674939759036,129.50892812950394,146.366,396.482,588.602,83,-133.8917108433735,218.6271436179632,-627.91,-101.046,175.372,83,1788.241421686747,594.419594853056,1098.759,1524.614,3030.369,83,0.6397386183132531,0.10729161817530136,0.21184114,0.6662963,0.7256139,83,0.05827626553012048,0.02333341911634013,0.019242898,0.06769721,0.08693424,83,0.024060768815662652,0.018989263773210304,-0.011360615,0.021783566,0.058672328,67,-0.0919717093011104,0.09135006150449809,-0.2121058575122487,-0.0694336791068159,0.0329939874676458,63,1.715152762191639,0.3276065133268555,0.5340802450886675,1.7833567101874448,1.969321637069636,83,1.6051030294709947,0.5600461878517451,0.4626546442882835,1.476153010020547,4.200123554904198
17307,VICI,VICI PROPERTIES INC,82,0.011818292682926829,0.06811500465226056,-0.3241,0.00875,0.1477,83,19719.45114698795,10215.79193677514,6728.9453,16750.434,35206.8,81,23357.045185185183,13173.843398066183,9739.712,17085.002,44511.25,69,1916.7069565217391,1057.7257482433083,902.964,1499.559,3769.003,69,1167.5796086956523,734.9710233896024,371.103,984.433,2635.416,81,13624.33862962963,7497.05994424561,4695.207,9525.39,25723.37,81,0.38441477444444444,0.04965486614683398,0.26688603,0.39282557,0.49136525,81,0.0506303895962963,0.05245606346401428,0.0059177144,0.023666242,0.22611001,69,0.0486856347826087,0.004125575381121525,0.038536984,0.048851997,0.056657296,67,0.07751485135741287,0.015970944222807308,0.0509552975641933,0.0768057084108733,0.099522761603997,63,0.8600946248285377,0.07340888199274238,0.7707874025687355,0.8347993970868681,1.1795699750716184,81,0.6845065740620596,0.11163223689626411,0.407698194077108,0.6915646634353199,1.0251298241138285
17789,CPLG,COREPOINT LODGING INC,45,0.0032377777777777782,0.1535577523706677,-0.4824,0.0006,0.3619,46,697.0489032608696,341.5755740519417,224.24753,645.71832,1653.877,46,2219.0006304347826,426.31448433538975,1528.0,2234.5,2953.096,46,702.2230434782608,197.5566340950762,362.0,820.0,980.63,46,-131.82760869565217,152.62058077227235,-294.0,-206.0,151.965,46,1086.864847826087,218.02207065666715,828.0,1035.1415,1510.0,46,0.4489238393478261,0.054938485488407025,0.3632199,0.437885745,0.5717104,46,0.05937787832608696,0.0340943003250686,0.017536534,0.047792683,0.113874346,46,0.032635454539130436,0.028103170721964693,-0.02347418,0.0427690035,0.06263048,33,-0.2048888075775063,0.0022912002327733333,-0.2081871345029239,-0.2048309178743961,-0.2024729520865533,26,1.5646354679271801,0.14299169854003424,1.1777833645493971,1.6015762542170244,1.7187397833708289,46,1.977830214562813,1.0717855004478292,0.6405960304276709,1.8267318153234928,5.297717186194824
17860,RVI,RETAIL VALUE INC,44,0.010581818181818182,0.1265563378044648,-0.5592,0.0233,0.2386,45,432.17007855555556,204.48666856670852,64.61802,472.51935,716.7785,45,1591.9173999999998,451.50046018442265,785.956,1626.687,2333.966,45,218.55606666666665,77.86986082660314,67.591,231.42,307.084,45,-91.19433333333333,185.63176714153994,-452.712,-17.655,88.774,45,677.7818,84.88312458546109,552.829,683.362,919.116,45,0.37779001533333334,0.14546291577449977,0.0,0.39002895,0.56459093,45,0.1312366904,0.13048486290244188,0.022173416,0.112678714,0.5864819,45,0.006058927266666666,0.10316676385982276,-0.20409451,0.04946437,0.091832116,34,-0.10998786900912813,0.13872348617829444,-0.2496085332946774,-0.1559789658311464,0.0679587092947697,25,1.5640665893298231,0.1245789762337731,1.4151584506799848,1.5441893112126504,1.9813239525041737,45,2.2970781286846957,1.9685520271815533,0.9489109907482316,1.5066227036419315,8.880263069762316
17952,RTL,NECESSITY RETAIL REIT INC,61,0.004690163934426231,0.11786081580253611,-0.3902,0.0055,0.2801,62,1007.7159053225806,211.52478594464918,627.4453,993.99773,1579.01,62,3726.707580645161,481.7161981947445,3194.526,3605.618,4691.593,62,327.6392580645162,49.528931627171566,283.31,310.418,465.089,62,-33.96441935483871,31.64298050900689,-141.197,-31.396,9.34,62,1603.9586774193547,130.1943270813154,1251.614,1626.238,1787.578,62,0.504778475967742,0.05313849364647602,0.42096415,0.4963715,0.61134434,62,0.030887773870967743,0.01171783729066576,0.012991605,0.027936157,0.062096477,62,0.031360314854838714,0.003830020770495023,0.025697852,0.029964663,0.039320547,51,-0.018072516067237858,0.01369948789708239,-0.05272922603599,-0.0233601848382665,0.0024636687574483,42,1.141078119603588,0.05664023841742393,0.97818740929481,1.1491745962442672,1.2177446494944646,62,1.6563741847813662,0.35733620653177944,1.0061057250913945,1.638753092947991,2.58074132612404
18259,MDRR,MEDALIST DIVERSIFIED REIT INC,52,-0.014836538461538464,0.09801651927368112,-0.431,-0.0016,0.1813,53,15.992687971698112,3.469010330441841,10.93944,16.843319,23.001799,53,75.49971698113208,15.218652663725834,40.093,80.13,97.569,53,9.14733962264151,2.008703647623705,4.397,10.212,11.473,53,-4.524264150943396,2.1934617454796057,-8.735,-4.571,-1.522,53,15.51754716981132,4.033616846940786,8.788,14.217,24.248,53,0.6821714496226415,0.05066264037530684,0.56369865,0.671367,0.77213895,53,0.07738486549056603,0.03640650619084827,0.037424766,0.06759585,0.18093026,53,-0.0016068133983018866,0.008642192969360137,-0.021255929,-0.00074625097,0.013592674,46,-0.3704061284728213,0.22680988130433058,-0.7531762106426072,-0.2764477421598748,-0.1657233913951316,37,1.0639955137272485,0.057024045692355474,0.963768172250168,1.0864171096882702,1.166887680021333,53,1.0101123929415219,0.2899315277680811,0.3820570809797503,0.98318939728441,1.594666606248027
18715,PSTL,POSTAL REALTY TRUST INC,67,0.0029029850746268653,0.06185816614018756,-0.1065,-0.0039,0.1769,68,238.19550475,93.37499683862133,78.4971,278.691985,367.6662,68,338.1239705882353,187.07499794451266,35.684,331.565,608.166,68,36.72433823529412,21.070915673782444,7.685,36.66,68.895,68,1.576558823529412,1.971648937767974,-1.965,1.795,3.901,63,161.84819047619047,79.22523507164041,45.521,217.873,248.132,68,0.416700361617647,0.1834796047703752,0.03697093,0.41824576,0.9750028,68,0.030326266977941177,0.041538512201902765,0.0040733847,0.015727295,0.16203164,68,0.04836523476470588,0.014981528222300512,0.020900955,0.04711086,0.07647685,55,0.0021976290329695607,0.014486750588243445,-0.0211359823218889,0.0093391261668226,0.0168127347522804,48,0.3734897514204385,0.06661816649091803,0.2479662463105213,0.4041964218726522,0.4592212449556553,63,0.6162960032354261,0.16657643487388696,0.3071490609744232,0.6967435080435012,0.8061645012080856
19037,PINE,ALPINE INCOME PROPERTY TRUST INC,61,0.006983606557377049,0.08729170289003775,-0.3201,0.0011,0.3306,62,194.21244691935485,49.53475834989209,93.35639,212.89499999999998,259.55328,62,415.08901612903225,167.2237684120226,126.551,505.514,573.431,62,31.522806451612905,13.203131095161607,11.72,30.128,48.409,62,9.287693548387097,11.135744506956865,-0.682,3.591,33.16,62,196.68279032258064,54.891825862293004,124.189,196.523,271.043,62,0.38762372612903223,0.1673960918726451,0.0,0.44313967,0.5637882,62,0.02866172492016129,0.031030638416634025,6.321562e-05,0.01878682,0.112404875,62,0.042837575596774195,0.006346601206673478,0.034024775,0.04299035,0.054253746,55,0.04472069751381202,0.03980641192378262,0.0077706513935894,0.0261108566193312,0.113600746126031,42,0.8610501742340578,0.044004567687339194,0.8193875897990492,0.8416396764409966,0.9741857960319278,62,1.0310260631877197,0.19793486005085326,0.6030327990139921,1.005315816675263,1.5167591889927023
19601,NTST,NETSTREIT CORP,52,0.0010653846153846154,0.07004298367855463,-0.116,0.003,0.1606,53,986.2062537735849,245.75480776469416,439.00693,1022.1424,1345.0883,53,1292.8276037735848,526.5961351845285,433.922,1369.586,2097.986,53,78.56015094339622,40.91420271099973,21.776,77.377,148.064,53,3.2865849056603773,5.294711103595455,-9.171,4.91,8.81,53,851.9261698113207,349.5787426167791,164.533,900.184,1310.216,53,0.284574880754717,0.0531118927951517,0.19081526,0.28272402,0.40079322,53,0.0517420901754717,0.08459163634922742,0.005142828,0.015609104,0.39274108,53,0.028649498150943396,0.008817545437736976,0.014007126,0.030141806,0.041184627,43,0.004542930313539058,0.0024170762085835283,0.0014774396981975,0.0039092880886071,0.0077390997587788,33,0.6462749006652592,0.12107365542111481,0.3385921321812694,0.6414077342625444,0.782566000073914,53,0.8300797054544885,0.21632246357489834,0.3692334641978835,0.9023639644096084,1.2209551861301082
19602,NYC,AMERICAN STRATEGIC INVESTMENT CO,52,-0.02902692307692308,0.19228625629247234,-0.3901,-0.0438,0.5836,53,53.69068511320755,46.31538032453518,14.8209,31.088348,176.51039,53,797.9444339622642,74.1916527244212,598.916,805.941,897.179,45,64.27346666666666,4.834736467387948,55.871,63.444,72.017,45,-61.26386666666667,38.940166482811684,-182.726,-45.896,-37.643,53,314.29175471698113,70.09432063433304,126.779,316.478,411.193,53,0.5699187141509434,0.06062243783819687,0.50187534,0.55603576,0.75342786,53,0.03331060835849057,0.015210939354421358,0.016881084,0.025718315,0.068804555,45,-0.008820241924000001,0.0058621546060755245,-0.018634394,-0.0096178735,-0.00033283845,43,-0.1820179639205726,0.1302380710065143,-0.4712047474576724,-0.1164226567823734,-0.1084919403111575,33,0.07179932091198193,0.11034478873574952,-0.0943465939927984,0.0493575785473002,0.446172300646665,53,9.501751448389165,5.344700728323388,1.946417925388977,9.280150404901228,20.17036787686869
19658,BNL,BROADSTONE NET LEASE INC,51,0.006688235294117648,0.07466594845592955,-0.1745,0.0026,0.1307,52,3009.767731730769,827.1096182359638,652.31,3039.8066,4351.942,52,4854.965692307693,481.8334504170559,4144.055,4979.442,5457.609,52,386.8596730769231,47.757382716294615,308.633,394.031,450.432,52,113.86978846153846,41.98642538022589,51.181,117.674,183.732,52,2685.708673076923,441.86862463822393,1591.633,2798.69,3120.776,52,0.3734642425,0.0364824885403918,0.33722723,0.36253214,0.50055754,52,0.012242506357692308,0.010677126560878014,0.0023749685,0.0067555862,0.042275634,52,0.04828353446153846,0.004770794530766653,0.036508195,0.05078347,0.053092595,43,0.03662197645583123,0.009921853463303237,0.0222612712338061,0.0394821330536406,0.0509890822011116,32,0.7625570106085429,0.0987717930156879,0.4814152213479408,0.7855493331662999,0.8353919123750352,52,1.025152793600851,0.559942543265786,0.5313793204095724,0.9248775232184572,3.2855060564412164
19858,SQFT,PRESIDIO PROPERTY TRUST INC,32,-0.0049593749999999985,0.14895095070433692,-0.5981,0.0149,0.3811,33,31.667644545454543,12.447958805090748,12.207802,36.7458,45.5004,33,202.30733333333333,51.7967958400099,159.142,185.569,291.781,33,21.646484848484846,3.1709614287429857,17.827,20.352,27.624,33,-2.4436969696969695,7.300977933147246,-9.229,-3.626,18.947,33,43.6390606060606,9.857545932366337,31.223,45.047,59.964,33,0.5476850615151516,0.14165640575422703,0.3184169,0.5599669,0.6894054,33,0.08166098296969697,0.04803475902043719,0.043718703,0.06433652,0.18242802,33,0.01251090670909091,0.006406108472524077,-0.0026470637,0.014733525,0.019900953,25,-0.13681150293940877,0.08175436913729502,-0.2199862401100791,-0.0651443560122886,-0.0485383720134182,13,0.7364752020033808,0.4465743209256437,0.0209725982876939,0.7954322066348127,1.2080633931002138,33,1.8035673821029126,1.2020136649966058,0.7091539739998276,1.1393689439816237,3.954527361139603
20191,AIRC,APARTMENT INCOME REIT CORP,41,0.006048780487804878,0.06919346834041208,-0.0986,-0.0003,0.182,42,6268.6868261904765,1294.2048827671267,4358.833,5848.470450000001,8582.37,42,6467.624428571429,197.85991740957564,6134.752,6433.285,6909.256,42,797.8909523809523,30.543358998717014,755.112,799.219,846.967,42,468.60992857142855,402.4485780096264,-115.759,465.259,980.881,42,1915.343,354.5767560088453,1304.864,2041.18,2505.464,42,0.5876592104761905,0.05999640874414957,0.48884392,0.5763467,0.6900268,42,0.018908097690476192,0.00843220339317708,0.011795909,0.016770263,0.046002805,42,0.05609979147619047,0.008886800949338483,0.044411086,0.05656055,0.06849611,36,0.19572857876251185,0.21012080150510204,-0.0797999158524613,0.2471820579425875,0.4198035941974093,22,0.7967593219745003,0.0409053500484022,0.7062817423268642,0.8101246937488567,0.8559574937038731,42,0.327137785146962,0.11349742287314901,0.1600062594906597,0.3555243870258103,0.5702163271575419
22128,IVT,INVENTRUST PROPERTIES CORP,38,0.011994736842105263,0.07632435390212959,-0.1799,-0.0034500000000000004,0.194,39,1786.4230641025642,231.49263058402045,1438.2393,1712.152,2388.716,39,2435.4556153846156,102.21251195570693,2212.415,2473.034,2543.409,39,238.3526153846154,18.662993132506045,204.631,240.37,262.962,39,16.711153846153845,19.86328507115109,-5.36,6.466,52.233,39,1597.9986923076924,49.90275721058529,1535.573,1584.206,1702.724,39,0.29771118846153843,0.04249080286528969,0.21849926,0.31882486,0.3353391,39,0.040890790846153845,0.021804455172328693,0.010926652,0.039499316,0.08512827,39,0.04683239392307692,0.004449600680780608,0.04065964,0.047516745,0.052112486,31,0.012051568139067223,0.016777157251190538,-0.0034106412005457,0.0033905088916401,0.0325660620396793,19,0.8792310095373805,0.1425750360225147,0.7610718761785996,0.8062120042964114,1.1548435768852874,39,0.9085760272817317,0.1145441478059576,0.6428445231860443,0.9250258142253068,1.105558327060436
22207,GIPR,GENERATION INCOME PROPERTIES INC,36,-0.019380555555555554,0.11110620098277774,-0.3496,-0.0221,0.2283,37,14.369634081081081,3.874068831186171,10.00458,13.69368,24.18212,37,73.59075675675676,23.192037887082186,43.981,64.21,110.773,37,5.579648648648648,1.7884020834286707,3.687,5.47,9.664,37,-3.5403783783783784,2.232253325321391,-8.605,-3.238,-0.882,37,9.51991891891892,4.130478526073505,0.55,10.692,14.709,37,0.6512985662162162,0.06515067129560324,0.5107138,0.66145426,0.72668225,37,0.0709309684054054,0.07643416291677789,0.013846888,0.041091383,0.27151826,37,0.002342116294,0.004651358467555372,-0.004027627,0.002949472,0.009095157,29,-0.4752472117689314,0.5718942104420024,-1.5598908594815823,-0.3028432472876917,-0.0909623553537424,17,0.05402383839667649,0.06603018594036049,-0.018109046460684,0.0513977925947853,0.1805282482930868,37,0.7221692742069206,0.34524347343003414,0.0396011096893781,0.872678664241761,1.2347420116120544
22264,ONL,ORION OFFICE REIT INC,37,-0.029364864864864865,0.11398549911725178,-0.3171,-0.0414,0.209,38,448.08497236842106,255.28844089905562,174.04607,358.03972999999996,1057.2074,38,1425.8026842105264,370.3038075082956,546.431,1527.907,1759.478,38,163.67836842105262,51.114044870228504,53.474,192.658,207.817,38,-70.71852631578948,36.56174457643209,-133.428,-74.649,5.524,38,898.4325789473685,177.87832313959183,497.118,936.309,1086.919,38,0.31328613894736845,0.09549417103450847,0.07165406,0.34916013,0.3574862,38,0.035029450684210525,0.01574987546320245,0.007164674,0.036031485,0.066602364,38,0.055916548999999996,0.01754903114689398,0.031889003,0.063043356,0.07746083,31,-0.07024856995893694,0.025390105771042053,-0.1000483340157562,-0.0647024749808891,-0.0436840279726456,18,1.2250636002502595,0.06316290087906783,1.104445129804354,1.2176330603011556,1.3267135623552175,38,2.6701803789834435,1.2636615527608193,0.4702180700116752,2.7176803389667343,5.088439771282865
22360,CBL,C B L & ASSOCIATES PPTYS INC,37,0.010097297297297298,0.09870272563636756,-0.1711,-0.0119,0.3214,38,791.7879505263157,107.459118129641,602.8682,766.74395,1018.63617,38,2806.1717894736844,598.8852289605611,2321.701,2678.243,4264.207,38,572.5774210526315,13.580631680630695,541.313,569.414,594.282,38,-231.48802631578948,286.97507784196995,-668.637,-93.482,29.869,38,393.2200263157895,66.98616311354877,308.789,370.541,510.8,38,0.6943952810526316,0.18207053395710693,0.23160039,0.7507114,0.7982686,38,0.06457027984210525,0.019460122126787587,0.037756316,0.060833845,0.10189475,38,0.06687582589473684,0.014947968337901615,0.042451173,0.07627732,0.08366452,31,-0.7011809375703976,0.7098628509479381,-1.570352272469138,-0.2522851722211577,0.0192914673716038,18,1.3539507396889698,0.09758356040155328,1.2619028944963884,1.3204192370287915,1.5818521035950004,38,0.5042011910360515,0.10692688332636431,0.3249917708819485,0.5004287414999746,0.802604815595214
22857,MDV,MODIV INDUSTRIAL INC,34,0.011923529411764706,0.1256236709474663,-0.2701,0.00795,0.3578,35,120.83898877142859,23.730254839074657,78.745926,116.2788,159.36948,35,483.46602857142864,45.279470172335216,423.834,464.838,549.41,33,44.48218181818182,4.557470264950625,36.804,46.568,49.519,33,-2.7474545454545454,4.381867845814364,-9.677,-3.289,4.903,35,159.1668857142857,23.365552749307525,94.443,158.927,187.997,35,0.47196572085714283,0.05446917267215517,0.38758805,0.4571055,0.5383345,35,0.04048049591714286,0.040752978726993246,0.0058938097,0.025653165,0.13630964,33,0.031044827090909093,0.006538959137672262,0.020158837,0.032117046,0.04413796,19,-0.029873412540402024,0.012489864006810396,-0.0457903226923103,-0.0205885482851222,-0.0205885482851222,15,-0.12386670347192977,0.06000667314621556,-0.2170975828809372,-0.0980235790886341,-0.0504985495048159,35,1.3664917776838243,0.31763376408276,0.6585890749045861,1.3365287774649497,2.0085401292171303
23345,BHM,BLUEROCK HOMES TRUST INC,26,-0.018442307692307692,0.08425857427266104,-0.1903,-0.0069,0.2121,27,65.67379644444445,13.148029941631203,49.98748,61.896896,97.0255,27,697.3252222222222,42.340351666659686,642.954,671.62,757.417,27,38.44322222222222,7.2813999094285204,25.352,39.551,48.583,27,-3.0498888888888893,1.6260219587251614,-5.19,-3.6,0.12,27,240.27066666666667,168.97378609212635,142.528,157.155,561.74,27,0.24707305333333332,0.03524229105043007,0.20283939,0.24816117,0.30957848,27,0.16201099888888887,0.060071628712897944,0.09814388,0.13627028,0.28254575,27,0.006294658800000001,0.011202248793254686,-0.007159658,0.0023053172,0.023621062,19,-0.014881506376488262,0.011610240802698348,-0.0296774368684298,-0.0062505469228557,-0.0062505469228557,7,0.6992321617336518,0.030400077131353027,0.6489771338346796,0.6956049300136768,0.7306857660796097,27,3.436419304347868,1.710622665639925,1.9601531062841089,2.716392897468284,7.390372873056037
23711,STRW,STRAWBERRY FIELDS REIT INC,22,0.020895454545454547,0.07902202512303425,-0.1564,0.0183,0.1967,23,60.64564039130435,20.70508120545814,40.29678,50.0897,113.97956,23,591.3927826086956,41.084298688468856,543.572,616.795,635.874,23,98.65469565217391,5.012738785378184,93.028,97.896,108.357,23,2.521782608695652,0.6091297784187879,0.994,2.747,3.043,23,7.693913043478261,0.4472770051853652,6.679,7.786,8.357,23,0.8611446291304347,0.017159121398246827,0.83591956,0.8649916,0.88724405,23,0.07694383391304348,0.021594633618780446,0.055603188,0.06623639,0.12032572,23,0.08826991217391304,0.009225104465878051,0.07417155,0.08907984,0.10485015,7,0.332489676302118,0.0,0.332489676302118,0.332489676302118,0.332489676302118,3,0.3197097283950297,0.0575433495647674,0.2595699773446663,0.3253123842818207,0.3742468235586021,23,0.13960285829580232,0.04082760303863734,0.0652573148995808,0.1623718066130948,0.1950031632212784
23829,PKST,PEAKSTONE REALTY TRUST,20,-0.01508,0.1716784129519032,-0.2735,-0.0432,0.2811,21,592.5782352380952,173.8321231812984,385.27823,507.69775,1003.6123,21,3048.931,373.3390330836034,2730.715,2840.209,3633.376,21,193.04871428571428,134.40578327480665,77.517,95.352,406.492,21,-506.2078571428571,202.48626766432474,-756.807,-550.583,-146.23,21,1294.3692857142858,252.63032107313302,1097.12,1129.333,1682.668,21,0.49466322428571424,0.04879394922645364,0.420661,0.52403575,0.53299266,21,0.127864878,0.033960363719795265,0.065488406,0.13030626,0.16892865,21,0.03189245814285714,0.0067547991943660785,0.020607091,0.031958416,0.042020425,7,-0.4950911981469025,0.0,-0.4950911981469025,-0.4950911981469025,-0.4950911981469025,1,2.8556720722046243,,2.8556720722046243,2.8556720722046243,2.8556720722046243,21,2.2508330212305316,0.32979488595796486,1.6766115239842676,2.2406859012107585,2.886443951694785
24817,AHR,AMERICAN HEALTHCARE REIT INC,10,0.08741,0.1212648474300043,-0.0692,0.07935,0.313,11,2315.6978099999997,1625.2786037900914,897.55756,1042.0297,4562.7783,11,4632.342545454546,53.164715656840805,4577.933,4644.615,4703.43,11,1894.6961818181817,43.41627291423839,1835.423,1911.308,1947.396,11,-59.27318181818182,21.308398277759803,-91.575,-49.489,-35.327,11,1647.4782727272725,344.78030650374774,1270.321,1933.371,1960.899,11,0.5375020445454545,0.0669621306380292,0.478079,0.48044908,0.61023635,11,0.02161538609090909,0.0033030427004723827,0.017903134,0.021014012,0.026476635,11,0.020459637090909092,0.003837336089419285,0.014610401,0.021523906,0.023337314,0,,,,,,0,,,,,,11,1.0279651561634962,0.5247488789292768,0.4237267234302628,1.325524501055065,1.881807388970887
25166,SILA,SILA REALTY TRUST INC,6,0.031016666666666665,0.07063110976522079,-0.0861,0.0397,0.1151,7,1301.6378428571427,185.57929860823964,898.2431,1338.0377,1464.029,7,2089.616,7.7286055663360775,2081.597,2094.314,2099.579,7,192.32085714285716,1.1536694252935562,189.767,192.496,192.997,7,25.041857142857143,0.5863200003898379,24.042,24.822,25.595,7,1484.384142857143,10.753768136930304,1472.911,1492.507,1494.435,7,0.26916364857142855,0.0008907896452666511,0.26835468,0.2687734,0.2701027,7,0.05019782085714286,0.020338725232173508,0.041860647,0.04316831,0.096297875,7,0.06330549428571429,0.0008711295829143751,0.06140469,0.06338496,0.06385963,0,,,,,,0,,,,,,7,1.1675827718592433,0.22340432867667623,1.0060668270520514,1.1007992941471103,1.663731140267564
25437,CURB,CURBLINE PROPERTIES CORP,2,0.0197,0.07396336931211286,-0.0326,0.0197,0.072,3,2453.4585666666667,88.54905751391917,2372.9817,2439.0752,2548.3188,3,1004.658,0.0,1004.658,1004.658,1004.658,3,93.66000000000001,0.0,93.66,93.66,93.66,3,31.013,0.0,31.013,31.013,31.013,3,965.52,0.0,965.52,965.52,965.52,3,0.0,0.0,0.0,0.0,0.0,3,0.0015189248,0.0,0.0015189248,0.0015189248,0.0015189248,3,0.064278364,0.0,0.064278364,0.064278364,0.064278364,0,,,,,,0,,,,,,3,0.39387351001279153,0.014102508318752118,0.378885068757581,0.3958549534423958,0.4068805078383978
25682,FVR,FRONTVIEW REIT INC,2,-0.0074,0.06576093065034892,-0.0539,-0.0074,0.0391,3,294.1140566666666,16.226205736937807,279.47083,291.31284,311.5585,3,745.466,0.0,745.466,745.466,745.466,3,55.737,0.0,55.737,55.737,55.737,3,-2.045,0.0,-2.045,-2.045,-2.045,3,185.951,0.0,185.951,185.951,185.951,3,0.5733796,0.0,0.5733796,0.5733796,0.5733796,3,0.02229478,0.0,0.02229478,0.02229478,0.02229478,3,0.022310678,0.0,0.022310678,0.022310678,0.022310678,0,,,,,,0,,,,,,3,0.6335101136276163,0.03451578432196158,0.5968413765900155,0.6383207193412419,0.6653682449515915
25804,MKZR,MACKENZIE REALTY CAPITAL INC,1,-0.0123,,-0.0123,-0.0123,-0.0123,2,43.062380000000005,0.8550618040820241,42.45776,43.062380000000005,43.667,0,,,,,,0,,,,,,0,,,,,,0,,,,,,0,,,,,,0,,,,,,0,,,,,,0,,,,,,0,,,,,,0,,,,,
26650,CTO,C T O REALTY GROWTH INC NEW,46,0.011354347826086957,0.0553899176807145,-0.1102,0.0182,0.1495,47,389.23841914893615,65.46363323903107,306.153,383.7836,611.8102,47,858.1635744680851,155.01869040857252,665.931,845.772,1066.373,47,81.9189574468085,20.449168378920792,52.383,82.32,115.327,47,31.10344680851064,37.83131011408667,-4.586,17.365,107.69,47,421.22306382978724,50.86374580719862,344.891,431.464,491.768,47,0.44467779574468086,0.052554345675688625,0.33506775,0.44222116,0.5209959,47,0.031818953063829786,0.026377965858635256,0.00609744,0.026989065,0.110023275,47,0.042874230659574464,0.012325818729537563,0.016878407,0.045594633,0.058280483,47,0.11256418036400555,0.12456981259901699,0.0062566866109283,0.0695551167382971,0.4028302845350421,47,0.6897165821461365,0.025929197432845694,0.6363469955295227,0.6876868083069017,0.7396087961069687,47,1.094445516034063,0.12414915663412598,0.8037918714913287,1.1133703548662464,1.3028989380701488
27511,CUZ,COUSINS PROPERTIES INC,457,0.007956892778993436,0.0791832363193638,-0.4261,0.0074,0.3509,457,1702.194765426696,1529.31463948803,166.129,1229.8044,6046.5947,457,2061.4233107221007,2316.524673315507,128.536,1199.101,7700.528,457,252.19496061269146,236.20538747866408,16.888,185.422,819.705,457,69.83195404814005,90.27981441609447,-151.828,45.299,343.271,457,1177.5374529540481,1488.4174069051226,100.531,442.723,4645.357,457,0.302741534273523,0.12331482548815217,0.031981423,0.30353025,0.5932907,457,0.03521461011778993,0.054997664257967066,0.00026785824,0.008808475,0.2247938,448,0.07657538754308035,0.044052457288859294,0.0055457996,0.062151838,0.24843718,457,0.1308191647438101,0.18430173433443922,-0.2958487871178788,0.0933949498302142,0.8869690048939641,457,0.7729361102265043,0.39900746681180876,0.0989650143867055,0.8757132673945515,1.5150335040285288,457,0.5644883482980273,0.26535180196556046,0.2172650179322485,0.4940762638918951,1.6891706216333853
31974,FCE,FOREST CITY REALTY TRUST INC,34,0.010855882352941175,0.06351141243748183,-0.1436,0.0043,0.1394,35,5773.123771428572,687.9013663329264,4466.315,5587.352,6860.424,35,8592.632942857143,708.2044910929147,7888.508,8228.597,9993.009,35,987.5260571428571,25.592559827536828,940.274,990.74,1038.033,35,191.77794285714285,346.1154750802909,-346.32,206.03,766.415,35,3456.9897142857144,147.25315855966667,3262.701,3428.434,3692.372,35,0.43674977828571426,0.015291013405044296,0.42282543,0.433401,0.47924724,35,0.05222405545714286,0.015650187742945333,0.035404023,0.043455105,0.085224606,35,0.039585912742857145,0.009882541610544415,0.026037823,0.035898365,0.053492576,35,0.04147068184131463,0.08189386074151223,-0.0482368496862512,0.0600944921208925,0.1409878317339011,35,1.1288579589782064,0.3069681101825884,0.8089721471000234,0.9462078050831966,1.684228673161185,35,0.6077043824033086,0.08271968344529616,0.4897326590703818,0.5966070787041989,0.8267155519287153
39917,WY,WEYERHAEUSER CO,179,0.010104469273743017,0.08590753836801926,-0.3345,0.0078,0.2903,180,19614.057306666666,6010.666982025227,3322.324,20411.584,30845.674,180,15992.016666666666,2422.4470625114604,12338.0,16493.0,21989.0,180,7277.833333333333,1342.4425728695126,5371.0,7070.5,10807.0,180,726.7166666666667,767.2010092195436,-1571.0,575.0,2697.0,180,7707.35,2261.802495897226,4070.0,8589.0,10927.0,180,0.3604413463333333,0.04010813241893294,0.2885162,0.362215995,0.43289992,180,0.06930676395,0.03185727658244619,0.019055054,0.064757185,0.14240527,180,0.0713440459,0.049801965520674826,-0.09515132,0.0648718725,0.1996962,180,0.10351076945267411,0.12592194393280692,-0.2442874948068134,0.0912839308212117,0.345179584120983,180,1.2604125368704961,0.16268831606471693,0.9819883804522104,1.2277289030195044,1.6735270482477165,180,0.41758728938066497,0.16639043079168023,0.1737790018411202,0.3961263942114873,1.6927909499494933
40468,GYRO,GYRODYNE COMPANY AMERICA INC,94,0.011910638297872339,0.12594891477468764,-0.2334,-0.01085,0.6968,95,81.12383404736842,40.06929094722174,10.3821945,72.756004,169.52173,95,55.61242105263158,50.280255084615675,26.873,36.951,214.379,95,3.8477263157894734,1.6214331619799185,1.207,4.206,5.615,95,13.894652631578946,33.87599303302851,-7.727,-0.332,104.694,95,41.53441052631579,50.41128563688609,7.63,20.856,192.191,95,0.2833199559368421,0.2143110234598311,0.0,0.33535144,0.55339354,95,0.32496845235789473,0.33644634987120065,0.019962588,0.13429837,0.88942933,95,0.18519120630547367,0.4323788333543248,-0.13309024,-0.011948387,1.2562945,95,0.1632680923713391,0.4352226322842059,-0.1191646191646191,-0.0167753019049062,1.5292737154150198,95,0.4784641741066282,0.20830752532860056,0.0623939998427771,0.509998586351176,0.9822520853153018,95,0.5568239255368164,0.7532346789395128,0.1041410512567227,0.3704195745045771,6.701176118164086
42140,PNK,PINNACLE ENTERTAINMENT INC,61,0.007626229508196722,0.11897287912466904,-0.3367,0.0112,0.4865,61,101.50130131147542,17.693549612769093,59.8345,102.856,146.853,61,117.52555737704918,42.30140628100702,51.304,142.753,166.488,61,70.17062295081968,4.98693713336464,59.724,72.514,75.28,61,-5.468032786885246,5.612262918429051,-16.067,-4.316,3.488,46,15.710739130434781,9.474277375985013,1.086,19.231,29.562,61,0.7538090142622951,0.07475095578253231,0.60944813,0.758399,0.88568145,61,0.11472099703278689,0.08989500993597843,0.02379898,0.08758644,0.3328723,61,0.07386880146885245,0.2912108873110366,-0.111046635,0.030619321,1.3195289,61,1.061665834198725,2.6556177995366346,-1.082178432221741,0.1292381479431839,6.28677733257012,61,0.7174753581502937,0.1895485592862737,0.3746903990376397,0.7960584073601124,0.956385616558868,46,0.17369978211288672,0.11507413582982406,0.0073951500185064,0.21098044966152252,0.431122505025989
46703,MHS,MARRIOTT CORP,312,0.008932692307692308,0.106481263640861,-0.4289,0.0043,0.9617,313,9433.71787028754,4552.3193398441845,1775.2028,11210.35,18001.473,313,11081.166134185303,1891.2187270627971,6765.0,11980.0,13587.0,313,4290.369968051118,1278.393252963813,945.0,4691.0,5613.0,313,262.4952076677316,408.4319775255378,-881.0,190.0,1143.0,313,5071.523961661342,2399.6908949385365,1099.0,6232.0,7513.0,313,0.49456959386581467,0.14035764641778078,0.31736973,0.45168176,0.74669737,313,0.06606551773482429,0.0387066721210531,0.015582488,0.054953,0.20801726,313,0.06705363450159744,0.0337966160945274,-0.04032702,0.06234081,0.12357461,313,0.056946508768068525,0.06737836233598829,-0.1158044613194114,0.0762867647058823,0.1611917494270435,313,1.1624297613451602,0.5475119709504728,0.2210778355018256,1.1265736882624413,2.468431126999876,313,0.5639328781839082,0.24808823559271284,0.1909283500062111,0.525548068336578,2.776985354539801
49330,ALX,ALEXANDERS INC,359,0.009840111420612814,0.07630396217473226,-0.392,0.0054,0.28,360,1243.315357611111,675.5816976199982,251.61281,1328.1774,2368.367,358,1139.9616843575418,535.6384191665876,104.384,1410.896,1784.96,358,157.0608910614525,78.59014048343843,6.368,199.21,254.252,358,44.7804748603352,44.304585671419765,-74.983,51.553,171.213,333,189.63887387387388,132.64237943183718,3.125,221.009,359.171,358,0.7865758133798884,0.07351660027020737,0.48293257,0.76707387,0.92136294,358,0.2355152097150838,0.11826646528789171,0.019410908,0.24810293,0.4408143,358,0.03276781363662011,0.061365792595696196,-0.30531657,0.039934643,0.12441763,355,0.2766653769275423,1.1219310922046963,-2.758553454491944,0.236968226732146,4.439870573431602,360,0.6726180068320272,0.3190803599339378,0.1808967901402161,0.6307568274773305,1.4645106141735968,333,0.1311588281518437,0.07008967096201356,0.0086712926278577,0.1573205482820525,0.2827553030599751
49744,PCH,POTLATCHDELTIC CORP,227,0.008370484581497797,0.07720286436770529,-0.2841,0.0088,0.2682,228,2144.2617719298246,909.8751446863125,899.8932,1755.2849999999999,4285.627,228,1615.1982763157894,921.8290238031775,680.53,1421.4535,3724.788,228,881.5563815789474,389.22725118680927,432.749,746.11,1654.021,228,105.42678947368421,112.17333400114957,-5.734,74.77099999999999,500.035,228,780.3665394736842,715.3077568728758,130.57,592.5545,2443.888,228,0.40483876092105264,0.12928559387887287,0.20593044,0.35075950499999997,0.6413501,228,0.07146644882894737,0.04794225914886626,0.0012947599,0.06929172,0.21810007,228,0.10680844553947368,0.05105767259331622,-0.068325065,0.10359008950000001,0.21990038,228,0.21337552571352264,0.12395533928415799,0.02860349924324,0.1975846095901467,0.4310967278674791,228,0.9990246306335663,0.1977999613165825,0.6100501113168375,0.948394752514341,1.4412375431521147,228,0.3180716915869203,0.20746977355056914,0.0585323702361129,0.3316982462159471,0.8342576890022579
50092,LFBR,LONGVIEW FIBRE CO,14,0.05178571428571428,0.11215037883363334,-0.0442,0.00955,0.3863,15,1297.387376,211.81165093516682,961.2691,1336.04,1620.1367,15,1206.2113333333334,14.634020542492637,1182.574,1210.671,1239.507,15,898.2710666666666,0.6935222178608522,898.092,898.092,900.778,15,11.434466666666667,4.184629406132241,10.354,10.354,26.561,15,597.5901333333334,65.43818128788938,510.756,619.657,666.853,15,0.37529009066666663,0.033596895166580786,0.35255158,0.35594377,0.4381967,15,0.0064294314,0.006739914257813276,0.0,0.004135048,0.016155504,15,0.09126218,0.0012052336875062867,0.08690552,0.09157337,0.09157337,15,0.02467689736961984,0.0034448478106512566,0.0230128777877054,0.0230128777877054,0.0313329756972776,15,1.0367476186845974,0.04297256639822102,0.9595355369558888,1.031758165274705,1.0962671956633236,15,0.47951336016180196,0.12817665596690306,0.3152548770731178,0.4638012203391178,0.6865413354137753
50585,UBP,URSTADT BIDDLE PROPERTIES INC,440,0.009038181818181818,0.06799203588873395,-0.3321,0.007,0.4948,440,117.77791177954545,44.1097402693283,37.3545,121.5815,232.45596,440,460.31434545454545,325.4778060237803,119.33,396.333,1072.304,440,65.8497340909091,43.85902610598618,16.049,63.524,147.749,440,21.206770454545453,15.507601503353909,-4.963,22.183,54.605,440,205.75449999999998,102.88181540788376,84.657,216.953,409.744,440,0.2532905879409091,0.07774653143159024,0.09004012,0.265784,0.41599077,440,0.038267252063181816,0.0382122233845254,0.002908699,0.023409516,0.20360373,416,0.07400318332451923,0.015654700697838874,0.041010316,0.07194654,0.12971783,208,0.061310970765530784,0.04239708106423713,-0.0535406058513851,0.0661547204453057,0.1141653513549563,440,0.45377363412571425,0.2960040646669609,0.0074021898234896,0.3548465517050865,1.1247475089962828,440,1.739216643705474,0.52658368022246,0.8301931232433606,1.7240520459434885,4.1066643812179535
52214,MSW,MISSION WEST PPTYS INC MD,244,0.010683196721311475,0.06767736706450825,-0.2763,0.0059,0.2582,245,131.74066596734693,88.88288749201132,10.13175,157.361,286.93213,245,650.6608204081633,429.4973737079673,5.292,921.218,1073.511,245,86.65911836734693,56.91781500648967,5.599,105.182,162.246,245,8.201967346938776,6.040946714882047,-0.869,8.947,18.466,245,86.01158367346939,50.9449334077916,5.067,110.782,146.505,245,0.3767745171836735,0.11275661317814582,0.0,0.35227174,0.6710415,245,0.030408427922885714,0.058309627782016225,0.0,0.011236372,0.79818594,245,0.06816573658979592,0.19725501574699808,-0.2468516,0.063590914,1.4686795,245,0.10181358559636,0.09558089465515517,-0.0643582306018854,0.0871799330522105,0.5699481865284974,245,0.452435498919875,0.29544371378168943,-0.9529658197409604,0.4739340503415884,0.9727316027880668,245,0.9319907417939334,0.48695566825119535,0.1183624554978027,0.7183066254188646,2.100525534879236
52361,VLP,VALUE PROPERTY TRUST,28,0.015707142857142857,0.04942113754233947,-0.0551,0.00275,0.1495,28,143.74656,18.669342933885947,117.8835,138.92175,178.21275,28,209.70646428571428,55.27210870705591,159.082,177.482,344.582,28,35.33325,4.077721855126684,26.736,36.945,39.464,28,-30.687464285714288,48.299214015138574,-95.337,-30.08,32.465,28,101.39271428571429,30.841277309208387,20.033,104.977,139.512,28,0.4456417914285714,0.19773564070398789,0.1145447,0.38599116,0.8925742,28,0.25543207535714285,0.16162128186724242,0.04294341,0.22887202,0.56718993,28,-0.07093677921428572,0.1273311341599506,-0.22511749,-0.016321223,0.066795744,28,-0.2526519804723273,0.4104037988689959,-1.077721759097489,-0.2001818654195895,0.0651396115724868,28,1.373005705505253,0.30231793198789975,0.727626323509117,1.3304160752592344,1.9106685617292247,28,0.6964926512787292,0.1903795911039516,0.1659869040460594,0.7503511785337474,0.8390102597755932
53058,MRY,MERRY LAND & INVESTMENT CO INC,142,0.015102816901408451,0.07277611538638341,-0.2059,0.0,0.2581,142,358.1748567464789,330.6763319111799,35.68125,156.702,961.4314,142,562.0527816901408,409.69633125773066,102.44,322.089,1511.305,142,75.32279577464789,68.13000745732604,9.564,33.407,225.68,142,25.082661971830984,22.514109768118402,4.521,11.426,69.369,142,224.6596971830986,196.66559725714734,29.533,79.518,583.569,142,0.5342482597183099,0.23090050479698299,0.16624989,0.5010628,0.7997974,142,0.08637286899154929,0.08579663686683757,0.0017739574,0.054277595,0.46672198,130,0.05348140619230769,0.02416529160269789,0.01079595,0.060325433,0.08843583,142,0.1210343834322163,0.02653279549738637,0.0876540196187636,0.1189274746682179,0.1876753262592999,142,0.5232364340723862,0.2552180806616454,0.076802263810264,0.47213477129564324,0.9694684687319846,142,0.8102394255421171,0.37038098532848307,0.3274450698393413,0.6600883892982052,1.8768681526017037
53372,IRT,I R T PROPERTY CO,194,0.008419072164948454,0.05931253130763449,-0.2635,0.007949999999999999,0.2295,194,242.79408894329896,90.49839213622322,86.536,249.4245,426.73904,194,368.1765309278351,164.09111972306903,91.927,402.2515,623.938,194,51.575257731958764,23.774733934658453,14.64,47.319,89.643,194,16.551190721649483,7.653690033522385,7.396,14.8965,31.325,194,172.42866494845362,74.15386987456691,67.96,199.025,269.941,194,0.49753087139175256,0.0583819073669009,0.2027152,0.50989324,0.63705575,194,0.048868416459278356,0.06998169861005389,0.0,0.007393127,0.19544193,194,0.06390619891237113,0.009149176510251983,0.04139695,0.06455075,0.0985347,194,0.10219521333688125,0.02897888815980102,0.062608969749505,0.1005599285263174,0.1677597629590172,194,0.58365754792667,0.17325051564584185,0.2239121819839163,0.6014432021980463,0.8947835961361714,194,0.7019490109007295,0.148133119136203,0.3234198831833631,0.6920773360627417,1.0104581574968403
54324,MTG,M G I PROPERTIES,165,0.00896060606060606,0.0660398241796511,-0.2456,0.0061,0.2814,165,174.5450544909091,91.30913432906227,30.9915,149.61375,402.50925,165,240.29214545454545,81.72683246938371,98.511,222.331,394.503,165,39.7464,16.260258664579247,15.226,33.255,74.654,165,21.12889090909091,31.797448048588123,4.549,12.652,154.992,165,167.0507090909091,46.283907433680355,78.838,152.619,262.06,165,0.2589942657090909,0.07980217744486108,0.04591177,0.28083158,0.40847042,165,0.09771998539999999,0.09997169130679213,0.019100884,0.058079123,0.4708128,144,0.07299318739583333,0.024614240035554576,0.051443364,0.06626816,0.1945265,165,0.1238912245766405,0.2919812752315944,0.0419935739370843,0.0801362917292013,1.962327811461478,165,0.506860162912954,0.2761175073607374,0.0330637050272303,0.4450990294042395,0.9491285125873666,165,1.126819900142701,0.4669734511262646,0.5021862634630612,0.9954331835549348,3.1062368029513605
55029,MNRTA,MONMOUTH REAL ESTATE INVT CORP,385,0.011351428571428571,0.052275280509825585,-0.1638,0.0104,0.259,385,375.4014223064935,501.71371985883513,10.168,152.01451,2069.191,385,490.0312103896104,603.3808560803708,13.259,220.22,2215.883,385,46.84825714285715,52.95998928710689,2.096,27.256,191.563,385,11.61051948051948,18.182805383516975,-29.247,4.691,104.792,385,168.9754103896104,188.5299547479898,6.05,101.145,665.866,385,0.505837708051948,0.04685977413102556,0.41137943,0.5025639,0.6148816,385,0.022393913734415585,0.026593411733854228,0.00052340585,0.013796996,0.11936273,385,0.05222496471428571,0.01094913705980371,0.036041733,0.050091397,0.09500496,385,0.08352069343175496,0.03194487539181705,-0.039148814291094,0.0866596312620274,0.136893623146682,385,0.3108834161549979,0.17878507300642552,-0.122979244143815,0.2972742759566613,0.7684933699596201,385,0.6024415739719525,0.152215616357887,0.2636844155414796,0.6149305292036488,1.2284275276951058
55634,HMG,H M G COURTLAND PROPERTIES LTD,190,0.024719473684210527,0.17926121134785805,-0.1959,0.00185,2.1883,190,13.398328184210525,2.6009986764912285,10.064965,12.8223775,23.90428,190,37.082147368421055,14.086603153402445,19.942,34.305,83.979,190,4.508647368421053,4.403378796115887,0.143,3.061,12.571,190,0.3338947368421053,2.486543545501637,-3.366,-0.431,8.394,190,20.951526315789472,3.4405823360985184,11.311,20.303,29.561,190,0.24470845822631576,0.21876686791680472,0.020058168,0.0899955,0.73941886,190,0.2334385639631579,0.19249688645867238,0.01732576,0.16854803,0.66832525,190,-0.03083219145605263,0.06005796978012822,-0.17980477,-0.034442342,0.16313425,190,0.057694603832359505,0.20538417729855507,-0.2037973851915117,0.0005304570771815,0.6461446757780901,190,0.5261502300495078,0.3344906945823709,-0.0150236425214638,0.5133895343318606,1.5075120954085746,190,1.6058472672198787,0.31321024547306137,0.5699379184793548,1.609279343240175,2.175349898605885
57023,BFS,SAUL B F REAL ESTATE INVT TR,20,0.031070000000000004,0.12002657644301774,-0.1259,0.0053,0.4545,20,97.0827848,15.07729706925991,80.87425,92.751565,148.09987,20,420.42650000000003,9.150213868653847,400.552,422.449,429.702,20,83.0856,6.327871375697218,70.323,83.769,92.079,20,-9.1863,11.72714537930559,-30.088,-6.916,2.701,13,6.417307692307693,3.723746665761412,0.514,9.268,9.691,20,0.9694348275,0.031077812817665522,0.92627215,0.96088415,1.0308299,20,0.029439432735,0.011270168339279192,0.0041442807,0.030400455,0.043092195,20,-0.022319536585,0.028732947293734774,-0.07511634,-0.01615119,0.006390207,20,0.2565516947704419,0.9966699390763701,-1.3959670947030496,0.0723996547259387,1.6900278645613442,20,0.3954807293959224,0.0836017074884461,0.2729310482964578,0.3781054984875451,0.5722502412564603,13,0.07081653471937496,0.040916896820362814,0.0049996960162391,0.0994303209819426,0.107118973629137
59300,UDRT,UNITED DOMINION REALTY TR INC,457,0.010488183807439825,0.062242669127146225,-0.3257,0.0088,0.2314,457,4694.273149264771,4840.509180145115,86.97488,2549.8674,18668.312,457,4573.850100656456,3360.6697539144343,122.55,4363.241,11420.062,457,608.0422122538293,443.70913068996134,21.201,588.922,1669.443,457,56.90200218818381,113.89878721734107,-125.126,25.788,456.538,457,1477.053680525164,1231.989994313622,32.098,919.121,4106.309,457,0.5548005339606127,0.08020321848182826,0.38009843,0.53541875,0.74827754,457,0.010653226005776806,0.019233620509567128,0.00020443225,0.0046074605,0.12824991,457,0.05415833957067834,0.016525386298500453,0.0045940434,0.05811333,0.07540925,457,0.07290602477988867,0.09063379089401959,-0.0697793959581807,0.0558411709422429,0.5001839616567304,457,0.4971137885515815,0.2905748022491242,0.0725549597608143,0.4684738083914878,1.1892715094936888,457,0.42912910541031246,0.17977538048392128,0.1476975867682014,0.3748260905218234,1.0976053994033752
59628,TIRE,ONE LIBERTY PROPERTIES INC,451,0.012964745011086475,0.08544453599910004,-0.5268,0.0121,0.7236,451,203.90006642904657,191.99913381937355,10.0425,176.57024,737.74005,451,344.35348115299337,285.39452125973344,20.735,312.648,805.751,451,35.2780022172949,30.667177464115447,2.476,29.396,95.219,451,12.685035476718404,10.976349695133154,-2.193,9.013,45.218,451,144.2088869179601,112.49584817602266,13.125,155.519,315.965,451,0.40589985380088694,0.19902446362227807,0.0,0.5007405,0.5995948,451,0.06096909301529933,0.06415789193607636,0.0047564423,0.035123065,0.36748543,451,0.058281570970953434,0.01896742437569102,-0.01109651,0.052148417,0.11277476,451,0.11131534364269917,0.05638225361795859,0.023056911728021,0.0965559515231347,0.3483734939759036,451,0.6940158013905543,0.4901200262975178,0.0630340447783442,0.615876768943635,1.762880454216424,451,0.9185386969061574,0.4608576460656986,0.3643717165592002,0.8385716288611949,5.708513476279598
61938,BRE,B R E PROPERTIES INC,328,0.011239329268292683,0.06109708178470431,-0.2896,0.0082,0.2517,328,1456.9483323475608,1213.9470271373966,180.50662,1216.7649999999999,4853.082,326,1614.6762730061348,1205.9721277132817,206.434,1709.453,3626.525,326,195.59707055214722,130.89296878239435,34.1,240.436,397.311,326,45.93624233128834,26.09989429143673,8.26,41.303,120.597,326,667.1398650306749,457.9240970712002,133.414,731.146,1707.23,326,0.44427194358895705,0.13067392577027276,0.15325208,0.4611801,0.6642077,326,0.025256324865592025,0.03872295901895332,0.0,0.0035750938,0.22261254,326,0.06909072998773005,0.0192635537878381,0.041731674,0.06561088,0.1510697,323,0.11213526408042121,0.045143006497736,0.0418303203812827,0.107699701057958,0.2314887878222694,328,0.4734395790495061,0.36345544548388653,-0.0820471280097543,0.4871660582908879,1.172139940592007,326,0.5370144333274668,0.13048700580059905,0.2267935652409271,0.5531028095549166,0.9456476900087578
62367,POWE,POWER TEST CORP,287,0.011107317073170732,0.07528540508624837,-0.3896,0.0118,0.3119,288,831.9442976388889,383.0938316683662,178.1816,683.1502250000001,1851.66,288,748.1366701388889,466.0517456534404,250.403,645.7555,1891.876,288,105.51639236111112,35.854843453118114,54.294,99.50450000000001,197.613,288,42.06075,19.869382542324765,-6.952,41.856,90.043,288,401.6617430555555,220.90268528363933,95.921,380.855,955.552,288,0.2689998680923611,0.1424543026777358,0.0019743927,0.32050445,0.4576402,288,0.025826602728055554,0.03250021827691071,0.00068856176,0.0144317885,0.1302032,288,0.08686114888888889,0.038751148740014695,0.021855582,0.06680575750000001,0.15225917,288,0.1447899849755916,0.08201689520688107,0.0333924437087691,0.1597432344540904,0.4151600997867752,288,0.6051510829431003,0.301909666913422,0.0324748113348189,0.6652191014619726,1.188799460163679,288,0.47694440371687286,0.1294072548483695,0.2495330345833327,0.46906349351457993,0.8645577378928706
62981,SAR,SANTA ANITA RLTY ENTERPRISES,131,0.009526717557251908,0.07579420296934371,-0.1845,0.0055,0.3396,131,241.3560761832061,60.52069179182687,133.84312,239.01875,411.871,131,205.20153435114506,65.09329944215548,86.46,207.456,314.94,131,96.88138931297709,39.417842125415646,70.594,91.235,321.989,131,9.230839694656488,35.601012790005065,-34.649,9.678,199.029,131,78.45081679389314,30.81623563263653,11.499,79.087,119.165,131,0.437179357480916,0.11480965351102007,0.25869292,0.44392955,0.6739843,131,0.15761337247328244,0.09148598047638909,0.038056895,0.13262382,0.44645786,131,0.10647112967022901,0.06812653074617478,-0.024164049,0.09930709,0.2507542,131,0.017555594677030724,0.29975779458878965,-0.8676382448503202,0.1011310440485053,0.2544669417522311,131,0.56162629738536,0.09824428062808327,0.2285701332057768,0.5810862880351251,0.6881009706791998,131,0.3459195362736163,0.14317525521545915,0.0279189348015327,0.3891211961380691,0.5557551251552657
64653,STOR,STORAGE EQUITIES INC,457,0.012643763676148797,0.06415932137372565,-0.2674,0.0115,0.2303,457,17107.15302772429,18331.338473566368,72.497375,9120.743,68438.33,457,6762.981943107221,5241.245958875427,215.309,5256.643,19875.748,457,1431.7838315098468,1273.2405917200635,21.698,1047.455,4739.749,457,731.4993216630197,858.9837128296745,10.202,341.421,4556.497,457,3134.119131291028,2107.2384618881033,155.941,2584.933,5757.659,457,0.13632609433632384,0.1316180124223401,0.00609076,0.06870342,0.4782472,457,0.03306480078774617,0.027662655247733495,0.0010603933,0.025363654,0.16124722,457,0.11760791852078774,0.04314060953644491,0.03465155,0.11454667,0.19471006,457,0.1732329482139129,0.13118421034542183,0.0508319398309637,0.1360997530256914,0.7598884369820607,457,0.38721087528960196,0.24225948167576988,-0.0805252238925762,0.3970503265451768,0.8129304132720423,457,0.548052696687266,0.47184272294771396,0.0730928728110694,0.3947600562334089,2.2212253169268843
64696,AHRC,AMERICANA HOTELS & REALTY CORP,114,0.009965789473684209,0.07327527783233996,-0.2427,0.0,0.2299,114,32.98876762280702,21.71868758893784,11.417,21.203,73.41325,114,66.39778070175439,35.26382945381772,28.958,42.683,126.071,114,5.083763157894737,3.693806694882885,0.476,5.161,11.566,114,0.4896754385964912,3.4839807221752435,-13.202,0.2885,6.756,114,48.990517543859646,25.09789084719203,23.746,33.669,89.889,114,0.17882365942105263,0.08522774563526735,0.10276047,0.120477855,0.35831484,114,0.09031568481578947,0.08351088667212658,0.009463365,0.0708046,0.41278255,114,-0.0038154387175438603,0.03294147133738594,-0.10471877,-0.003057693,0.064816155,114,0.014200671746759064,0.061384513008633165,-0.058299743495786,0.0112184481146774,0.1487519709636152,114,0.4987422657764813,0.20446607547552834,0.0306417807962508,0.5750203444790393,0.7909037032525277,114,1.6485372812387922,0.46692266285232165,1.0784567654434678,1.6001693601530742,3.2777101366823604
65584,FCE,FOREST CITY REALTY TRUST INC,16,0.033218750000000005,0.12567153068615025,-0.1251,0.0029,0.4349,17,451.0085747058824,74.06332073311931,349.96106,434.1907,554.246,17,9128.048705882353,678.0448464989953,8228.597,8909.008,9993.009,17,986.0829411764706,31.438900677485933,940.274,978.231,1038.033,17,357.642,319.159973007268,-206.583,489.258,766.415,17,3493.3592352941178,170.96231029401235,3262.701,3518.332,3692.372,17,0.4404472182352941,0.020875290789114244,0.42282543,0.42774463,0.47924724,17,0.05259664935294118,0.008497295557256826,0.039365035,0.057529833,0.062303826,17,0.030599784,0.0038482831213523965,0.026037823,0.028711835,0.035898365,0,,,,,,17,1.3206614575770506,0.24679149349241744,0.9387471148172994,1.3618283497144037,1.598344144347405,17,7.974410280752801,1.4998511585301717,5.894731196344453,8.40660178826526,10.44807084372748
65947,WELL,WELLTOWER INC,457,0.012807877461706784,0.06621774871457844,-0.3881,0.0117,0.2279,457,11102.571220061269,15573.032344632495,69.36025,2100.6135,86043.3,457,11420.382284463894,13902.539378234113,139.546,2736.898,45533.938,457,1538.246547045952,2074.353420225812,18.762,252.837,7087.487,457,228.89092997811815,328.7365105308364,6.916,78.178,1303.73,457,5632.380805251641,7182.910745918729,43.925,1050.654,28976.426,457,0.4528434162363239,0.07098389973801274,0.31469795,0.43884128,0.67020196,457,0.016118012083741796,0.022828814675117513,0.00019887186,0.009862167,0.20415659,457,0.057746089522975934,0.015038920478721237,0.029217357,0.056146406,0.09866338,457,0.08390539530812362,0.04182949716941788,0.0069581322597979,0.0804145714235731,0.162676618316669,457,0.42851180102501785,0.24803636346605362,0.0147490994847699,0.371017981866996,0.9952124469727548,457,0.6366149898157696,0.17799541416820047,0.3367656415817683,0.5976431015748717,1.3945061278520958
66210,IIPI,INTERNATIONAL INCOME PPTY INC,42,0.017276190476190476,0.08040348800079845,-0.2385,0.00955,0.323,42,192.67188071428572,43.46901475028117,127.72125,176.68106,297.12463,42,226.72440476190474,41.056743861873514,140.557,201.196,313.679,42,28.8517619047619,5.657112306578782,14.258,31.685,33.483,42,1.5709761904761903,5.714514713783965,-2.665,-0.2135,17.305,42,82.90811904761905,19.297453876287218,56.31,76.047,108.501,42,0.6001833197619048,0.05790028271068699,0.39566153,0.6011453,0.6870626,42,0.016443751256428572,0.03146458971790133,0.000832261,0.003150459,0.121407256,42,0.005953254066666668,0.02152263872928019,-0.013426572,-0.00109505015,0.057840466,42,-0.008053620061259143,0.028724429020648118,-0.045511211298393,-0.0154291629364368,0.0272005512143942,42,0.36973546183178874,0.18482179676262697,0.0132627525123125,0.45455098409923556,0.5504970648795008,42,0.43439200139647743,0.07648580816109489,0.2830454036916839,0.42679147520652144,0.7121348030345819
66309,PNV,PERINI INVESTMENT PROPERTIES INC,162,0.011637654320987656,0.12762019350689338,-0.3889,0.0,0.4762,162,31.086725364197534,18.412420381905875,10.182375,25.634688,72.60025,162,106.99159876543209,48.799100284122815,52.393,86.278,216.282,162,22.131956790123457,9.971582206761168,6.782,19.127,45.886,162,0.32249382716049374,11.306604540669678,-25.783,-0.937,29.142,77,11.138051948051949,7.545322404077669,1.328,8.948,22.281,162,0.9170927141358025,0.20343751467225513,0.62397987,0.907911185,1.2670022,162,0.04522585766358025,0.04222638891209446,0.0060495343,0.03332002,0.24571985,162,0.036921414033333336,0.050730604499722595,-0.10113643,0.02782524,0.18272544,162,0.2399715554774244,2.114834486226737,-4.432020916641034,0.20268069904182295,5.237084870848708,162,0.9040593982834699,0.27290115307907,0.2966309260424427,0.9068313445554728,1.4129356876484451,77,0.44255325561421444,0.3090346427351926,0.071554526959479,0.4443888018795189,0.9783325453790608
67264,BED,BEDFORD PROPERTY INVESTORS INC,7,0.057742857142857144,0.09872284195569697,-0.05,0.0256,0.2195,8,31.374,4.4641788558639615,28.386,29.133,41.085,8,46.8635,2.367357477984987,43.028,48.128,48.156,8,8.225624999999999,0.14164839518025885,8.058,8.177,8.386,8,-15.13025,4.8416232151152405,-20.973,-11.799,-11.363,8,34.735375,1.2100993982195989,33.288,35.362,35.765,8,0.18725695625,0.04223431905774835,0.1188296,0.21000499,0.21012716,8,0.034235591749999995,0.0360773798160241,0.013152427,0.016384251,0.09263735,8,0.021109841125,0.0045756464661506555,0.017422544,0.020029921,0.028260667,8,-0.543152532214564,0.0,-0.543152532214564,-0.543152532214564,-0.543152532214564,8,0.8089750825513621,0.01565506452903155,0.794173090922965,0.8050735166232177,0.8439349082084959,8,1.122526863484043,0.12983077544185165,0.8607034078549045,1.1576562034727496,1.2276456042854644
67708,RSE,ROUSE CO,81,0.014538271604938272,0.06708762100399229,-0.1922,0.0177,0.3617,82,2610.735995121951,1293.78235108808,1520.2817,2012.3225,6915.9893,82,5030.332975609756,1051.4833672330851,3563.438,4723.34,7007.557,82,915.8125975609756,177.68792622737269,716.999,849.103,1361.614,82,142.56326829268292,46.01844841066094,35.097,139.433,247.394,82,771.596256097561,343.62906202102914,265.515,643.749,1595.332,82,0.749510275,0.045023992088546544,0.6549793,0.76223326,0.8158516,82,0.013305212426829268,0.011333178681078459,0.0017413347,0.010947776,0.060132656,82,0.056087182621951226,0.008789074788196396,0.042749833,0.054439798,0.07420811,82,0.20837748342968748,0.07928868707511853,0.0927637186774974,0.1828084460767463,0.3594959116943159,82,0.15262983962973922,0.059929807214347784,0.0180836620819772,0.16181653105505495,0.3128787001325022,82,0.30625749177969425,0.07982459798794207,0.1233540578801828,0.31697299645227917,0.4501456011019946
68312,NHP,NATIONWIDE HEALTH PROPERTIES INC,295,0.013433220338983051,0.07303163778216373,-0.2269,0.0148,0.2695,295,1258.594649179661,1231.257343244303,88.09625,837.496,5548.19,291,1350.2252577319587,1112.8005348276804,214.191,1289.838,4092.624,291,148.24678350515464,113.41503476452837,17.893,142.584,444.729,291,57.28992783505154,34.840697368880925,9.712,55.39,145.969,291,609.477969072165,536.5605248514061,145.99,454.767,2299.827,291,0.41591919054639176,0.12832182341638254,0.060404748,0.4492173,0.5975378,291,0.016593780538659796,0.020888162672305068,0.00028407355,0.008760053,0.104817696,279,0.08160193212903226,0.017111190464767348,0.057443175,0.07744672,0.11930963,289,0.11764009679143463,0.032044135307723945,0.0625116584856165,0.1196527826487127,0.177193954034622,287,0.3655801436560039,0.22168446407988998,-0.1441792641233642,0.3590755168599339,0.9165200165353208,291,0.6069184315707988,0.2790752793509467,0.2825563063473089,0.4943670051235071,1.6778920131412554
68515,NAM,NORTH AMERICAN TRUST INC,79,0.007779746835443038,0.07286055416877667,-0.2241,0.0102,0.2086,78,16.415287666666668,4.962072769288716,10.014313,15.4845,27.4725,75,32.82050666666667,10.565727493625294,9.95,33.862,45.193,75,3.218933333333333,1.9018687490830537,0.006,3.75,5.427,75,0.7269599999999999,2.021592210596871,-4.153,0.683,3.064,75,21.258813333333332,6.687936571641981,5.066,23.374,26.708,75,0.3147263061333333,0.13048660515629387,0.0,0.3094012,0.6453798,75,0.041159067880000004,0.02925221661254931,0.012995357,0.031862963,0.19257942,51,0.00847300719607843,0.0857811104895283,-0.26324382,0.05811738,0.10697949,73,0.02890535323288128,0.07907723473701582,-0.1615735081675741,0.0410911602209944,0.1138949589330118,71,0.3853754165570749,0.12712406433838536,0.0844361446473204,0.3893941269905396,0.5627866902320213,75,1.3612703396394796,0.3798011108249389,0.4967336268115761,1.3801853706638862,2.1078221660090146
68646,PRT,PRUDENTIAL REALTY TRUST,34,0.00965294117647059,0.10454044377668739,-0.1818,0.0,0.2727,34,14.328125029411765,1.8302258528352155,11.135,13.91875,19.48625,30,97.15473333333333,2.17900983418416,93.582,97.241,100.439,30,12.365566666666666,0.39439833560302523,11.781,12.38,12.917,30,4.052933333333333,0.050800443477112454,3.962,4.069,4.106,30,95.6985,2.5182786916792024,91.245,95.583,99.393,30,0.0020778872899999998,0.0034326453150509543,0.0,0.0,0.011476566,30,0.021821371233333334,0.002848715075049194,0.017674617,0.022316884,0.025894428,30,0.06775136973333334,0.01904088257846054,0.04330987,0.0801135,0.087094456,28,0.04189145510345515,0.0010219662418754435,0.0413107562906844,0.0415313922973996,0.0440331432260841,28,1.089585712606599,0.05814799547337179,0.9501447745387472,1.08811296966902,1.202876747820029,30,6.822261705011827,0.7676079147380206,5.493032931046208,6.77672216161035,8.807364139633968
68750,DWP,WEBB DEL E INVT PPTYS INC,17,-0.004858823529411765,0.08683741315544478,-0.2439,0.0,0.1224,17,13.810058823529411,1.7423174391664473,11.815,13.344,18.348,17,25.973117647058825,0.8659722774397114,24.421,26.353,26.685,13,2.854692307692308,0.1794651241027927,2.64,2.915,3.259,13,0.643,0.04950252518811538,0.508,0.656,0.692,17,19.181882352941177,0.25290929262112527,18.761,19.17,19.778,17,0.23794702529411763,0.03329873401929964,0.17873652,0.25345987,0.2623946,17,0.02123882717647059,0.012598512560039993,0.005208919,0.016706932,0.041427758,0,,,,,,11,0.0359405837748,0.0,0.0359405837748,0.0359405837748,0.0359405837748,11,0.15456977897755006,0.05245807331730778,0.0822161941859957,0.1730412511789922,0.2164725927959574,17,1.4059561427190879,0.14438416152393568,1.0603335471825843,1.4272332191467283,1.6019466818261845
68849,USV,U S RESTAURANTS PROPERTIES INC,109,0.006591743119266055,0.08275370879955501,-0.1859,0.008,0.3565,109,424.4833497247707,284.36881255572064,137.3962,310.6104,1145.9331,104,950.2194230769231,814.6395458917474,261.515,593.371,2694.952,95,95.82472631578948,45.98499319561651,25.881,81.724,219.523,95,3.647578947368421,13.580979583930112,-19.996,4.405,36.127,104,304.09189423076924,321.9676135851959,54.247,176.873,1084.428,104,0.5709788907692308,0.050958619097406635,0.36020148,0.5826531699999999,0.62696296,104,0.015009460254807693,0.01200185449247493,0.000310873,0.013798924,0.054557297,95,0.055579248773684205,0.018745584185299584,-0.0017851895,0.05612554,0.08832723,109,0.027576640939736476,0.07265513522082383,-0.1188536105647653,0.0282069494830076,0.1096907724528766,109,0.39197952465544367,0.10720864712736594,0.1457943987057145,0.3916620891650395,0.6290311750069526,104,0.6678016429735678,0.291505137348153,0.1739790047785107,0.5959954916048827,1.3195706924700228
69147,VHT,BANYAN HOTEL INVESTMENT FUND,43,-0.012527906976744186,0.188686835947293,-0.5714,0.0,0.8889,43,58.977299511627905,19.784493512854013,11.095875,65.34238,80.13687,39,86.06715384615384,9.855760627909733,52.753,89.702,90.766,39,10.293615384615386,1.2498701535798498,7.101,10.827,11.572,39,5.374615384615385,8.996000352833372,-25.084,7.295,9.573,39,83.70223076923078,9.812117630395216,50.305,86.313,87.898,39,0.0,0.0,0.0,0.0,0.0,39,0.11314771230769231,0.12230543454363134,0.01754831,0.04011958,0.34386492,39,0.1059816153846154,0.0207335174505113,0.06518961,0.1047184,0.14279681,37,0.07168193807287696,0.09780084507308014,-0.4986383063313785,0.0865710962903187,0.1084371032185166,34,0.2436380406751295,0.12322286994874775,-0.1893656812482929,0.2729399203071806,0.3670182011332303,39,1.854551765356896,1.3602634207625308,1.1012749245040354,1.3464151302608354,7.778837048906829
69702,SWP,SOUTH WEST PROPERTY TRUST INC,48,0.01716875,0.05587252648149653,-0.113,0.0175,0.1812,48,213.98511229166664,53.21169858414648,146.2725,187.480125,349.59937,48,260.62925,113.74339919244132,60.233,292.4395,401.653,48,47.8045625,21.176622800391314,19.353,49.5995,77.025,48,6.315625,6.611934797869425,-3.296,8.3705,14.782,39,151.78715384615384,26.11658730883342,106.478,147.017,183.472,48,0.57700107,0.27702165076146146,0.3429807,0.474484935,1.1618979,48,0.049729994,0.04874209455712978,0.012682927,0.026577216,0.18238537,48,0.048061542562500004,0.021286186763994668,0.015498002,0.0490546655,0.07655955,48,0.0775909947289198,0.0400221828165919,0.0236018394896899,0.06943413852019535,0.1274601686972821,48,0.757910736129861,0.14114870947447042,0.5212799052352276,0.7755795239246247,1.0603430507164642,39,0.6856642562134676,0.07162244323217355,0.5209162616830157,0.6787953183573575,0.8143115702552172
70041,HTP,HARRIS TEETER PPTYS INC,12,-0.01835,0.04827268190376228,-0.1326,-0.01345,0.0704,12,22.925729,1.8337301614830699,19.41375,23.17125,24.94,8,24.788,0.1217726218350079,24.647,24.743,24.927,0,,,,,,0,,,,,,8,22.148875,0.1132714028971373,22.012,22.113,22.276,8,0.07826532375,0.00038416526528072404,0.07782725,0.07840601,0.078711405,8,0.14319963075,0.05977777830899168,0.061914228,0.13518976,0.20539977,0,,,,,,0,,,,,,0,,,,,,8,1.0086428421534674,0.07398288068203446,0.9239079894948332,0.9961173368403372,1.1338355098962862
70340,EQP,HEALTH EQUITY PROPERTIES INC,80,0.0110675,0.08334259138024615,-0.234,0.00165,0.25,80,74.014707875,48.61420499626568,16.299,39.88975,144.00713,80,127.12213750000001,12.119447169310769,107.317,125.946,151.588,78,17.920115384615386,2.147158569267397,12.642,18.297,22.607,78,1.6401923076923077,4.311925263964808,-2.872,-0.2175,11.415,80,55.066675,21.666050744895333,28.294,46.296,88.686,80,0.524505408625,0.20508344232302042,0.22013326,0.60088277,0.7516945,80,0.036594414398625,0.04245105255433772,0.00025286,0.017453091,0.18282008,78,0.06891456315384616,0.033254648835991926,0.036012087,0.049750792,0.13422994,76,-0.0033964105735185108,0.05903901278138243,-0.1036615536862939,-0.0020830996522825,0.1070325098169553,76,0.49001498169835783,0.08240548314847376,0.3562659233564568,0.5173083462560564,0.6359604516423809,80,0.9468993540856788,0.3633937864375014,0.4338318103705987,0.9376234372477883,1.9707343016484664
70383,CJ,BAY MEADOWS OPER CALIF JOCKEY,127,0.013826771653543308,0.10654968469843698,-0.175,0.0,0.673,127,100.47038316535433,40.8139077576881,58.249126,93.258,273.7425,127,31.021055118110237,5.001148725673229,13.016,30.424,38.694,127,49.618464566929134,6.8487375777911685,36.227,49.404,67.836,127,3.79288188976378,1.7006283741287034,-0.761,4.2,7.361,127,22.96768503937008,3.191724750685667,9.543,23.107,27.977,127,0.040301279401574804,0.0506511865950809,0.0,0.0,0.16203974,127,0.43144950110236224,0.0971833960188253,0.15906672,0.41046527,0.68873733,127,0.16443092598818898,0.10646917295626288,-0.20953172,0.1786635,0.33325458,121,0.15399783155491836,0.05228474608660179,-0.0354530631260191,0.1808601538023355,0.2101893527859692,108,0.6087895543270601,0.24009038943775599,-0.0623284804004101,0.6990750170049111,0.9242418186156066,127,0.24884569663540712,0.06276333764849075,0.0784131077658306,0.2573640451504085,0.3886410394710864
70818,MIR,M D C ASSET INVESTORS,265,0.012744528301886793,0.13864838450148403,-0.5569,0.0088,1.6424,266,116.62797212030074,50.93463683887234,26.4,104.02895000000001,215.58705,262,2099.624278625954,2815.3169842808866,78.379,361.339,8438.343,250,197.33117199999998,245.79253594870386,5.131,66.901,750.838,250,7.600172000000001,15.751834197220429,-44.823,8.056,36.761,262,117.12796183206108,49.41767061559393,47.187,97.136,210.538,262,0.6018651335648855,0.31831754576041577,0.0,0.5583593,0.9660294,262,0.04520256177572519,0.10181199638037303,6.7815e-05,0.01941031,0.7705647,250,0.0407264555268,0.040117266390336595,0.0025635348,0.030555597,0.17535463,248,0.02903593964006993,0.2641215692376545,-1.081187615233009,0.09903128935387,0.1833441257507078,246,0.6049603309283559,0.2980734811679813,0.1639237134391847,0.5646443509515657,2.091334175866058,262,1.1398875414483425,0.6097788232967635,0.3485390199156457,0.9811327806220167,5.264507640491832
71300,AHE,AMERICAN HEALTH PPTYS INC,152,0.011348026315789475,0.06224920433055657,-0.2311,0.009049999999999999,0.2101,153,423.9523494117647,139.46700552685937,156.58975,454.3965,668.8305,151,526.8668609271523,146.97612842363407,266.671,578.359,783.832,151,71.58860264900663,25.753304280442528,27.043,82.079,114.206,151,28.492708609271524,17.27653822445897,-10.049,28.84,102.873,151,280.5419602649007,51.57764967113569,193.951,302.938,355.803,151,0.38947354788079475,0.08263364159133198,0.22084892,0.3998548,0.5338707,151,0.02157435107989404,0.03877570869295198,0.0,0.004025024,0.14039372,151,0.08501021100662252,0.015182213806191659,0.062439114,0.07862348,0.11412799,137,0.08913453245475257,0.04699122340777049,-0.0247386909680476,0.0893520861771908,0.1494709888278759,133,0.47818607528681334,0.0989456533357432,0.3491849403881369,0.4514884687269969,0.8294070685631619,151,0.7115839141243354,0.19107755520656594,0.4709100659921731,0.6714407704646126,1.3009854926136108
72274,MPP,MEDICAL PROPERTIES INC,54,0.0024333333333333325,0.07525482746378316,-0.1896,-0.00055,0.3333,55,16.97294781818182,3.423829061836626,10.6605,17.17525,24.28225,42,40.70035714285714,1.0035951671774161,38.902,40.915,42.036,42,5.311999999999999,0.27194583391801763,4.382,5.359999999999999,5.528,42,1.853642857142857,0.12858418926222223,1.684,1.8995,2.07,42,25.48557142857143,1.0029094539500059,23.969,25.5925,27.077,42,0.3411924864285714,0.0069680749193817395,0.3313843,0.339573485,0.35473755,42,0.02655347295714286,0.008155119703720026,0.0043071294,0.029695249,0.034475785,42,0.061418335357142854,0.015233192273532271,0.041098196,0.0623271225,0.082209915,40,0.07062427847773052,0.005178526294304464,0.0630793662518004,0.0735451761102603,0.0752820594311139,35,0.7628806344090566,0.03407852582441447,0.6665870189117453,0.7708449937910503,0.8700167397458384,42,1.6390338227639631,0.2944216542557241,1.2423379848504876,1.5296837331285582,2.2800993580547786
72661,SIZ,SIZELER PROPERTY INVESTORS INC,237,0.008028691983122362,0.06070824312604784,-0.1969,0.0085,0.2817,238,98.38255791176469,64.70972481985454,27.829,76.251875,346.33673,223,226.1513139013453,87.43128154465464,78.176,278.199,323.905,223,35.98924215246637,17.239414994323422,8.852,44.933,52.969,223,2.2859058295964125,1.822161562914293,-4.726,2.481,5.609,223,87.68552466367713,30.264794390855936,53.609,82.454,194.858,223,0.530422946412556,0.1775344911999078,0.10831475,0.6072439,0.7443082,223,0.01840113461838565,0.036314348495101186,0.0014248176,0.0068479483,0.25174046,223,0.04175622482959641,0.008421515065287356,0.01481104,0.04254201,0.067588404,221,0.042346754170533296,0.032149743031824836,0.0134613056255709,0.0330782348878835,0.1654282045838262,218,0.409537066028659,0.15103245133332477,0.1299103624844536,0.4052757063190141,0.6340823995179912,223,1.0275017275710985,0.3068182772281596,0.3249358555711853,1.0671922155471811,2.047684092506075
75037,BNP,B N P RESIDENTIAL PROPERTIES INC,237,0.01290042194092827,0.057591454534630666,-0.1507,0.01,0.378,238,63.50033210924369,47.02969571442297,26.00625,42.776250000000005,252.8022,227,172.6129823788546,141.9273647194963,40.383,104.183,534.597,227,23.584568281938328,20.179568505531336,3.127,14.95,82.087,227,1.6343832599118941,2.279824585373294,-8.052,2.223,3.738,227,36.99678854625551,11.34173823746276,23.951,31.205,60.429,227,0.5828045369603524,0.20701583096746673,0.2719855,0.6760363,0.8485326,227,0.01167753906475771,0.009634373884476207,0.0014057929,0.006569483,0.02992467,227,0.05553992544933921,0.021841435580145084,0.024411187,0.047353625,0.09816012,225,0.06137253911366616,0.03467996724889482,-0.024640487183306,0.0621374045801526,0.1115072361454288,218,0.3164353923255746,0.09093992736692198,0.1006294463554055,0.3387641122885165,0.5099010093010342,227,0.6926316244968195,0.23087851145285196,0.2047586437760529,0.6942364469363798,1.212772077067742
75040,BPP,BURNHAM PACIFIC PROPERTIES INC,4,0.0767,0.14162012568840632,-0.0303,0.0342,0.2687,5,25.57065,3.5224381940993656,22.73775,24.6015,31.68375,5,34.7126,0.09092194454586036,34.613,34.779,34.779,5,4.453,0.0,4.453,4.453,4.453,5,0.61,0.0,0.61,0.61,0.61,5,11.777600000000001,0.2059436816219427,11.552,11.928,11.928,5,0.63670251,0.013735868455498188,0.62667125,0.62667125,0.6517494,5,0.00302922648,0.0006554014164308253,0.0023112702,0.003507864,0.003507864,5,0.043790795,0.0,0.043790795,0.043790795,0.043790795,0,,,,,,0,,,,,,5,0.4673196896521111,0.06170193768929359,0.3646033075559669,0.4848485031455105,0.5245901837312081
75069,IOT,INCOME OPPORTUNITY RLTY INVS INC,143,0.013481818181818183,0.128245251201851,-0.403,0.0,0.7632,144,19.531313541666666,8.442983029261319,10.00125,16.38925,47.996,144,77.50470833333333,21.67930765089208,46.938,87.13,110.129,144,12.257055555555556,7.230940857813708,6.397,10.426,35.731,144,0.6793055555555555,5.714737853231567,-9.849,-0.076,18.439,144,34.593784722222225,13.041301200772697,20.359,26.085,63.089,144,0.5088038338750001,0.11514996023639991,0.082661204,0.50750154,0.68915176,144,0.054563846175625,0.06662380716218928,0.00065733766,0.019866865,0.23901552,144,0.007300744546666666,0.03136535651441188,-0.1116768,0.016081456,0.059461124,134,0.025873875964805476,0.14372077787403856,-0.2051282051282051,-0.0112232128890974,0.4198709935496775,127,0.6656280920261315,0.7085567619868753,-0.0232534411671036,0.3073040448528185,2.0824164669175267,144,1.8704580067137586,0.5568134237217831,1.012685520928881,1.6668966459901329,3.621432875463511
75096,SZF,SIERRA CAPITAL REALTY TR VI CO,47,-0.014738297872340425,0.08789711266265281,-0.2935,-0.0099,0.2408,48,22.991756499999997,7.264780950359309,11.90025,20.774,35.78175,46,80.7761304347826,10.872367462943636,55.802,82.405,97.305,37,8.113054054054054,1.1670131853474384,5.733,8.101,9.908,37,0.3311081081081081,1.301772995737902,-5.212,0.235,2.05,46,54.74641304347826,2.386423121429384,48.485,55.323,57.57,46,0.2539552090217391,0.1264303303916191,0.02370716,0.28296432,0.43660656,46,0.06658004036956522,0.10848373593554206,0.0081766825,0.022973152,0.38964555,37,0.025548495486486487,0.006097437502714119,0.015319445,0.027494865,0.031629007,35,0.014249042473831504,0.016138662101530067,-0.0051154131193174,0.012245961438249,0.0340028744698005,28,0.10208985725518174,0.0785014314317438,-0.0215014766147201,0.0923488652544134,0.2863202095303459,46,2.6828358751868926,0.83067045166862,1.425411052862407,2.7159911853764207,4.551332850047628
75114,ASR,A S R INVESTMENTS CORP,126,0.010068253968253968,0.11348013017320253,-0.292,0.02185,0.2941,127,71.11082259055118,35.04565012510832,21.349625,60.32025,159.125,119,1198.5044537815127,1108.630742712086,94.169,888.412,3436.961,110,129.83687272727272,120.00247499948487,9.882,66.495,348.223,110,-0.19470909090909103,25.316498611965308,-78.864,8.369,20.129,119,90.62478991596639,47.18061172246856,30.948,75.284,149.585,119,0.7703038781512606,0.19340584045787793,0.44167045,0.83408046,0.9754524,119,0.01925927747334538,0.024965841350594577,4.4505327e-06,0.010889704,0.09764593,110,0.04372267911545455,0.04423346310789296,0.0046488745,0.016248649,0.14109074,105,-0.14027089522620556,0.5311212331248883,-1.3109086209124985,0.1258548651268509,0.2204628198094858,107,0.549053386733003,0.1726435940151262,0.2445433059971355,0.5473916709030248,0.9347972504217396,119,1.4894021850706083,0.881710581614106,0.3830160175432182,1.1497389845471586,3.5262444460748723
75211,BMP,BURNHAM AMERICAN PROPERTIES INC,6,0.02035,0.07891275562290294,-0.0831,0.0104,0.1429,7,14.822999999999999,0.971366981372128,12.7575,15.1875,15.552,7,18.532285714285713,0.13955371043164086,18.328,18.614,18.614,7,2.787,0.08197560612767688,2.667,2.835,2.835,7,0.311,0.03415650255319868,0.291,0.291,0.361,7,6.691285714285714,0.10295745769606987,6.631,6.631,6.842,7,0.6197657942857143,0.01584333268578913,0.59657353,0.6290427,0.6290427,7,0.010300874042857141,0.0032350434053145033,0.0055652554,0.0121951215,0.0121951215,7,0.054823519142857144,0.0012372426968338956,0.054099064,0.054099064,0.056634657,3,0.04388478359221829,0.0,0.0438847835922183,0.0438847835922183,0.0438847835922183,0,,,,,,7,0.45349385977704265,0.03771179860443751,0.4263760315047369,0.4434075375152713,0.5363119739470426
75284,PCE,PACIFIC OFFICE PPTYS TRUST INC,35,-0.013722857142857143,0.12447336612283601,-0.2791,-0.029,0.2387,35,15.523033585714286,2.8903810986778873,11.06315,15.334165,20.76235,35,464.7298285714286,168.62497709335486,3.876,519.58,561.923,35,55.2766,25.370528829147183,0.237,72.073,75.538,35,7.759142857142857,22.71843404289443,-11.446,-4.523,43.032,25,3.35536,2.2785421852579337,1.285,3.243,6.942,35,0.7221936548571429,0.26451495426843463,0.0,0.8085121,0.85851485,35,0.09862734605714285,0.21985599710001125,0.017242119,0.022514412,0.9864898,35,-0.0005014114457142856,0.01999423418957113,-0.05856553,0.004692317,0.011537475,35,-2.1297667779580984,2.8549077397415106,-6.001556420233463,-0.3251968622946359,0.8698015122873346,35,0.8370660888636047,0.21318245609689748,0.6118177664716781,0.7343939983577087,1.2876023275300876,25,0.21950834874070183,0.14234081794511344,0.079657810285553,0.1561961961433101,0.5436220227598494
75341,DRE,DUKE REALTY CORP,407,0.011651842751842752,0.08367119196487224,-0.426,0.0144,0.7764,408,4743.553105,4954.522444063218,24.70775,3450.3279,24998.994,408,5047.673698529412,3157.767185960546,67.993,5889.3615,10587.409,408,687.5794019607844,443.9935972524104,8.284,795.4235,1402.117,408,138.0634656862745,185.3375256268621,-297.769,125.733,1022.454,408,2046.6597647058825,1561.3507963728246,0.56,2016.0145,6227.805,408,0.46133180730392154,0.11549014371121896,0.10419261,0.44108522,0.7114498,408,0.010908146493213236,0.017728836669257713,0.0,0.0034371149,0.12510356,408,0.05828153346372549,0.021718323655426194,0.0072885524,0.059530324999999995,0.11234707,399,0.07380357000356039,0.08314109561756712,-0.1362955278930382,0.0782706652369316,0.3605751709081539,389,0.7136035363746082,0.542090881511556,0.1040856276842207,0.5168220192793068,1.861216597199288,408,0.6323437208056961,0.344896287669686,0.0110913601747718,0.534576720911772,2.254612616406144
75351,KE,KOGER EQUITY INC,204,0.010934313725490195,0.09109693531974529,-0.3784,0.00595,0.4043,205,318.0923663902439,186.8208286181083,52.88,327.8125,890.9004,197,636.770040609137,238.55039952466214,189.003,616.602,1284.266,188,108.91334042553191,47.88576874054333,27.327,118.463,177.765,188,20.18528723404255,17.174037308017077,-14.57,19.351,73.223,197,346.2502233502538,95.81538926482669,187.249,328.225,585.612,197,0.3777046378426396,0.13830382049914303,0.0,0.39610893,0.5387097,197,0.024170069634010152,0.02440048799581175,0.0,0.01928842,0.16416517,188,0.059531530452127654,0.01922595960678022,0.019387439,0.06555422,0.09266491,183,0.05481657730075696,0.05149479902760604,-0.0253601101538487,0.0478709760164165,0.2065284225846303,185,0.6778546951123808,0.4067899953680687,-0.1371239185051452,0.5856245307637051,1.408853166715187,197,1.4661381652386807,0.8797283502433149,0.5289535056218935,1.0557622538306335,4.762670312093714
75362,SZG,SIERRA CAPITAL REALTY TR VII CO,42,0.02503333333333333,0.2015122905731373,-0.1914,-0.0217,1.0204,43,21.10275004651163,7.219783345418329,10.26575,23.797874,33.606,43,126.04762790697674,33.48278351774753,47.12,137.483,150.682,38,11.932131578947368,3.2952912611380167,5.167,12.804,15.906,38,-1.4375263157894738,4.1444952467870095,-11.428,-0.787,2.643,43,74.59462790697674,11.927148691362465,46.801,78.424,87.256,43,0.3462386774418605,0.17775679601811062,0.0,0.41879788,0.5232865,43,0.07638339808139535,0.14953747065703676,0.002031655,0.009779525,0.45135823,35,0.020955270188571427,0.011367416137348815,0.0024535942,0.018691385,0.034705676,33,-0.014099821167079066,0.05691696778993587,-0.1780339616762735,-0.0130697378716744,0.0294650224626386,23,1.0788018544976135,0.10338397048926476,0.935841716793298,1.0853554222647792,1.2869453742768613,43,4.019141351806789,1.5797470925063632,1.671613490052474,3.4600989508238,7.613374344851966
75403,LPF,LANDSING PACIFIC FUND INC,25,0.013504,0.1211481478741352,-0.1607,0.0,0.3333,26,20.091375115384615,2.547473707619016,15.626625,20.463438,25.672312,26,95.42642307692307,18.465968485130865,74.403,86.749,126.394,26,13.236230769230769,1.1350544060155827,11.097,13.698,14.501,26,-18.745038461538464,11.568846730701445,-33.877,-9.618,-4.893,26,40.780307692307694,14.325686043660827,27.608,32.032,65.91,26,0.563141848076923,0.05965724550419983,0.4593098,0.59666616,0.61389756,26,0.04731052603846154,0.029220922830555704,0.019967137,0.03785493,0.100533955,26,0.016383833515384614,0.005849013894655151,0.0030381188,0.017826023,0.023400886,26,-0.44306967840289463,0.2364480272818565,-0.6875247720967103,-0.312780487804878,-0.1741039308106838,26,0.10598072155291405,0.0995910627652371,-0.10221645081067,0.1149316653832169,0.2242092641173843,26,2.0431594997838323,0.6670558250267905,1.0753998028668337,1.952237942928651,3.163351187257775
75474,VMG,BANYAN MORTGAGE INVESTMENT FUND,21,-0.011471428571428568,0.3180775442291662,-0.619,-0.0441,0.7692,22,157.02479436363637,115.39673897805004,39.689,96.790688,322.63562,10,165.0769,34.26406073570383,136.009,143.89,207.232,10,23.3489,24.197701665194938,4.511,4.746,52.244,10,-45.235,56.52390442793013,-115.268,-4.902,4.594,10,134.9151,44.239742829898496,98.305,105.54,188.477,10,0.14938422,0.12875989097065194,0.0,0.23709083,0.2570014,10,0.01208681482,0.012351867438476938,0.002084926,0.0061177842,0.029783046,10,0.08974420416,0.11105129241123293,-0.0037718092,0.011384142,0.24966559,8,-0.1898288610016589,0.24641746881199214,-0.5890707907337907,-0.056748217757615,-0.056748217757615,6,1.2653944901694363,0.14017983320612226,1.1330922203865534,1.2209294920275926,1.440561444436275,10,2.4508062517557585,0.7235020092963961,1.6244088618339727,2.34621691459506,4.219071635143062
75592,PCL,PLUM CREEK TIMBER CO INC,204,0.008653431372549019,0.06618279610656345,-0.2523,0.01055,0.258,204,5708.662348529412,2009.2312942997428,1230.4547,6287.529500000001,8820.565,204,3949.4611176470585,1296.9734364611354,1217.787,4378.0,5695.0,204,1193.5096911764706,427.05803801904676,199.69,1317.0,1721.0,204,224.30740686274513,86.2083627018296,37.586,215.0,405.0,204,1562.7604901960785,639.1217094400803,374.956,1597.0,2388.0,204,0.5609572358823529,0.09032703699343061,0.40665564,0.581299275,0.6864608,204,0.07195168729411765,0.030284628727997892,0.01618705,0.068709396,0.15499076,204,0.10127960373039216,0.021305057281766664,0.05409995,0.099631575,0.15761821,204,0.15107500919780717,0.038364998139957175,0.0906087777253421,0.1517472474868358,0.2603322096520798,204,0.5672876997661987,0.22930068624280395,0.1474219045877918,0.6630163991281428,0.8658150330208461,204,0.28448883265497016,0.09802167656238202,0.0832916165832111,0.2673546155289019,0.5740262700914713
75819,VTR,VENTAS INC,319,0.013981504702194357,0.0991558616947106,-0.4868,0.0166,0.4831,320,11740.96671934375,9016.509143713916,218.08556,12553.796,27557.21,309,12838.897194174757,10133.579606191082,774.4,17188.959,26617.828,309,1959.392650485437,1581.7321405193718,149.933,1446.13,4693.078,309,252.8885145631068,287.1950225862142,-156.868,158.398,1356.58,276,6281.796869565217,4500.773992285415,6.689,9153.317,11411.675,309,0.6067052363106796,0.17455932115064726,0.36692,0.5169014,0.9773796,309,0.024617579947572816,0.0286483549770176,0.0003521912,0.015857052,0.13865969,309,0.07393172614563108,0.0292528883570243,0.0316989,0.062348634,0.16899306,320,0.2283072680990314,1.2958553799222288,-2.97014097014097,0.0548107044735457,5.097064110245655,320,0.6015138476214611,0.4331059610990316,-0.1495006423471951,0.5090451274189131,1.2585931318879895,276,0.38891014858201794,0.190524746129164,0.0029127586051678,0.4404294702843373,1.0821186204847806
76249,SZH,SIERRA CAPITAL REALTY TR VIII CO,11,0.09681818181818182,0.199142048890644,-0.1562,0.0148,0.5152,12,11.765593749999999,1.8092872585296782,10.00625,11.0395,14.32125,12,89.92133333333334,15.430302078780704,71.129,84.765,118.166,12,9.449916666666667,1.7324460615155108,7.155,10.5585,11.15,12,1.77325,1.2948012922312198,-0.229,1.3905,3.434,12,51.129,8.127712694009531,42.472,50.851,60.621,12,0.4086896033333334,0.041489045018336494,0.3484933,0.424273075,0.4777601,12,0.045558225291666664,0.0257894735307753,0.0082511045,0.0356014675,0.08907794,12,0.028787885316666664,0.028003857576388107,-0.0044754464,0.0364548745,0.062014088,6,0.0318409834907326,0.0,0.0318409834907326,0.0318409834907326,0.0318409834907326,6,1.3774373174828962,0.27121207126108376,0.8434617679566411,1.4504629350763758,1.5668704752476783,12,4.500706006942995,1.2381003580765966,3.09972930372807,4.419853693759007,5.969868838079716
76480,STG,STORAGE PROPERTIES INC,67,0.013097014925373135,0.0758091362730738,-0.2679,0.0151,0.2766,68,20.61093194117647,3.2940201346925266,15.066,20.088,27.210625,68,28.593970588235294,0.3509056925901694,27.962,28.617,29.295,65,3.493353846153846,0.3056690116965384,2.377,3.617,3.759,65,2.4391076923076924,0.6432652330851976,1.31,2.744,3.132,68,27.772382352941175,0.31544278424413785,27.002,27.722,28.308,68,0.0,0.0,0.0,0.0,0.0,68,0.06983309323529412,0.07959098452711978,0.009485,0.031814393,0.35229287,65,0.07589698772307693,0.1190496189455494,-0.4546208,0.100816034,0.14749974,60,0.09209132627328462,0.01772550148231918,0.0643385703349979,0.088417988854577,0.112019387275292,48,0.7954687288574616,0.2139823352740952,0.2998565881763835,0.8011613556997355,1.1930545332131417,68,1.3814837354373082,0.2193229215608782,1.0252612983774936,1.3706939527115847,1.8497942042480533
76513,CDX,CATELLUS DEVELOPMENT CORP NEW,19,0.02286842105263158,0.07844363902142719,-0.1715,0.0201,0.1336,20,2892.6825799999997,380.8865992356761,2226.007,2786.5397000000003,3737.583,20,2595.8486000000003,72.23422404737475,2472.173,2568.799,2708.344,20,612.36335,150.19013563209415,438.946,557.72,858.416,20,194.82170000000002,65.32073911585896,79.067,228.261,254.875,20,810.73065,75.5209753507175,766.393,783.593,984.97,20,0.525622098,0.008222012953544865,0.50769264,0.5270716,0.5350134,20,0.04709658185,0.03459051219529127,0.014209364,0.02883441,0.103989005,20,0.10245060800000001,0.031789280880189716,0.05617044,0.09953544,0.16357754,20,0.2792571540820219,0.06646890563877086,0.1843621157977834,0.330851467067598,0.330851467067598,20,0.18600965350980575,0.02360408035055223,0.1431382887651311,0.19605374295280026,0.2147621727624063,20,0.2850879829557051,0.04732666652054495,0.2119674590984835,0.2798182105392917,0.3693121045650523
76599,PSJ,PUBLIC STORAGE PROPERTIES VIII,42,0.01987857142857143,0.053185875328838714,-0.2042,0.02005,0.1433,43,46.703828465116274,5.79755469371291,35.581,47.421,56.6095,43,30.183604651162792,1.2421167443700756,28.534,29.578,32.373,43,8.717883720930232,0.8864483765298984,8.292,8.501,14.179,43,3.9249069767441855,0.5170035375191439,3.562,3.775,6.777,43,27.652837209302323,1.9780629766351912,25.397,26.89,31.267,43,0.02009827458139535,0.02697831103968214,0.0,0.0,0.0678357,43,0.038742562488372094,0.019155729442781697,0.007983482,0.040369634,0.06925524,43,0.15564675395348837,0.02322793313228769,0.11295028,0.1633015,0.18054472,28,0.1416283539810347,0.015851738184188096,0.1244539970879844,0.1510020868606528,0.1650302260213314,23,-0.29478165088246067,0.043243998262695656,-0.4042784524338855,-0.2829184373743227,-0.2453176879680167,43,0.6026412037840138,0.09634745666072204,0.4629964773487251,0.6082959168171637,0.7924121901354417
76600,PSK,PUBLIC STORAGE PROPERTIES IX INC,59,0.01755254237288136,0.04443111427635695,-0.1138,0.0184,0.1439,60,33.28873756666667,2.920136871049359,27.1375,32.999531000000005,41.2815,60,29.63565,2.520814099230914,26.062,28.756,33.284,60,7.006883333333334,0.6117899576324269,6.671,6.963,11.55,60,3.6367666666666665,0.7531873372353999,2.812,3.431,5.651,60,27.735566666666667,2.6618020489928633,24.21,27.351,32.5,60,0.009747910883333332,0.015677178222185145,0.0,0.0,0.046718895,60,0.042615666425000004,0.028768727695790326,0.00072903075,0.0387537705,0.14571542,60,0.13572749961666666,0.023666777538239713,0.086595014,0.14077063,0.1658255,45,0.1371753363669398,0.02892014841202599,0.0983546980309237,0.1366720641529802,0.1766642806012884,40,-0.005393861601244795,0.09123392551334601,-0.2482282020143438,0.026937030203024452,0.1032134806773928,60,0.8391966126260307,0.11001848143548418,0.6625485951855752,0.7984527781088864,1.1646245800916195
76601,PSL,PUBLIC STORAGE PROPERTIES X INC,65,0.01802,0.04799549848683728,-0.094,0.0174,0.1541,66,32.415841,2.874793919256607,25.717125,33.1705,37.500626,66,29.56987878787879,1.6371399405920042,27.144,29.638,32.862,66,6.703318181818181,0.5968260192072709,6.183,6.464499999999999,10.492,66,2.864681818181818,0.395442192958753,2.318,2.8025,4.41,66,27.43360606060606,2.92743670432152,20.651,28.332,32.208,66,0.031020115530303028,0.05294918077932178,0.0,0.0,0.19485295,66,0.03184399033333333,0.009663199624898165,0.015110134,0.031091489,0.056452364,66,0.12687316056060605,0.02582081335183544,0.072315015,0.12612186,0.15609343,51,0.10623402910756383,0.02128396713298594,0.0833949083092631,0.1063615065777617,0.1512420731416583,46,0.04280348792912418,0.06745275274939698,-0.1177559285290933,0.06265244481968771,0.1451156697692796,66,0.8570889977338546,0.14766594007159095,0.5795002667736899,0.8147253628129904,1.2179043787168204
76602,PSM,PUBLIC STORAGE PROPERTIES XI INC,292,0.012024315068493151,0.05915188549783091,-0.2141,0.0142,0.1872,293,1859.8278943139933,1312.264166213936,43.4525,1366.2195,5183.6543,293,1599.0484914675767,526.0348670229828,28.809,1562.251,2300.809,293,280.0580409556314,110.29678817495389,7.643,281.253,441.239,293,96.90314334470989,66.43716071597227,3.442,75.445,448.759,293,585.8333890784983,155.97654982331935,27.17,558.02,979.456,293,0.06413454663747441,0.06665204338036411,0.0,0.04016276,0.33530235,293,0.03963726376040956,0.03629563642674712,0.0006140947,0.029100422,0.14269835,293,0.11375499548464164,0.019957394953574466,0.029002778,0.11436683,0.1583533,292,0.15387953908326898,0.05412976986177709,0.0600116349088088,0.1434076997287313,0.4581716789728176,292,0.4278912959111654,0.26012834129268153,-0.0392804741709095,0.38872847696069945,0.874881776731174,293,0.4374741000403156,0.22150372824166034,0.0616028657450213,0.3814519775609278,1.0324267469994888
76603,PSN,PUBLIC STORAGE PROPERTIES XII,65,0.019664615384615385,0.04665148520803367,-0.1164,0.0231,0.1447,66,30.688652439393937,3.7000820128346366,21.74025,30.79875,38.136,66,31.921242424242426,1.5934695967325465,29.176,31.989,34.246,66,6.485848484848485,0.5475138844020795,6.008,6.318,10.161,66,2.837090909090909,0.3886610042489161,2.353,2.7165,4.545,66,30.51727272727273,1.6746432781613219,27.607,30.69,33.574,66,0.0,0.0,0.0,0.0,0.0,66,0.04289234631818182,0.007600153190552297,0.024822176,0.0442205735,0.05582561,66,0.12069701996969698,0.02451032807539306,0.06934457,0.12101035,0.15855497,51,0.09233749949546403,0.012357005463666306,0.0784576123490601,0.0921505125037561,0.1156959098135568,46,0.2299675413737001,0.08077882479805902,0.0746442907828834,0.25432672618410174,0.3230753643197182,66,1.0149045965328027,0.1773612824470255,0.7239091763937526,0.9699186979164004,1.5127701148000252
76765,BRI,BERKSHIRE REALTY CO INC,99,0.01132121212121212,0.057438810872389556,-0.1314,0.0092,0.1776,100,286.7737155,67.78600432879828,198.121,266.6055,447.132,96,538.7085000000001,225.78086570934911,305.326,461.474,1023.245,90,83.005,41.997281916060686,40.159,75.40350000000001,192.132,90,0.6889000000000001,9.446215872810145,-14.159,5.625,15.7,96,284.73475,35.90101131048805,214.511,280.861,359.804,96,0.32983836440625,0.1958173955032017,0.0,0.39259048,0.59581333,96,0.022920593046874996,0.013733667341345599,0.008719188,0.019834806,0.06110702,90,0.05020496423333333,0.011289347082359116,0.020941423,0.052892165000000005,0.06904006,88,0.002448447233590254,0.036653116697795814,-0.0639738166990082,0.0214340763465641,0.0566973940518735,80,0.5442687657856808,0.08483898256728387,0.3847766498667627,0.5360572486354935,0.6908001446203403,96,1.0328550198273356,0.25184689761574064,0.6207834471455171,1.0314362830948158,1.6644539772216644
76767,PSP,PUBLIC STORAGE PROPERTIES XIV,68,0.01865,0.04697351905635038,-0.0909,0.0076,0.152,69,40.057661405797106,4.831751836996336,26.435375,40.905,49.248,69,40.8084347826087,1.7023063980641162,38.37,40.21,44.305,69,7.917652173913043,0.456123494180834,7.346,7.764,8.722,69,3.6607826086956523,0.3422684648722927,3.095,3.672,4.168,69,39.13817391304348,1.8843460868937454,36.44,38.489,43.596,69,0.00032488486956521736,0.0015350089620408804,0.0,0.0,0.007472352,69,0.033711389391304344,0.009470561757081303,0.013592039,0.0330033,0.051143765,69,0.11928166391304348,0.0219345584001882,0.07118536,0.1229451,0.14629845,58,0.09351036855070277,0.011191406502345146,0.0748615243209249,0.0953970530708045,0.1052059263286665,49,0.05407667429565711,0.11381986238263264,-0.197922139441455,0.0990470100500966,0.1610584236296712,69,0.9985105792973261,0.18531675440219839,0.7469135883026421,0.9573689645308308,1.649153858093056
76821,PSW,PUBLIC STORAGE PROPERTIES XVIII,68,0.021008823529411767,0.05444550263156925,-0.0898,0.0139,0.1491,69,46.22509066666667,7.957297208708373,32.1945,48.42875,58.96,69,59.63731884057972,3.506146718066766,54.176,59.335,65.4,69,9.090376811594203,1.3698573895445025,6.572,9.383,11.163,69,3.0257536231884057,1.3475107814236058,0.465,3.215,4.536,69,55.81652173913044,5.836241686042713,47.094,57.639,63.735,69,0.03282178869565217,0.04384389572933439,0.0,0.0,0.11661494,69,0.04134296917971015,0.03313911537702755,0.0028425872,0.029594675,0.0926774,69,0.0784926587710145,0.03259908906182181,0.0072385934,0.08912109,0.118465744,60,0.05505120528767256,0.027963895438032835,0.0122419743439473,0.0519669410174363,0.088367554725946,49,0.43226513345106626,0.10652608619074434,0.1527547904313305,0.4387377618345859,0.5672365217860609,69,1.2455307619153413,0.2539784206635341,0.8577361218471821,1.2471943432289174,1.8272125400748709
76822,PSF,PUBLIC STORAGE PROPERTIES VI INC,41,0.021551219512195123,0.031885420821679764,-0.0462,0.015,0.115,42,57.481487785714286,6.938057028567815,40.906,58.8361245,69.9885,42,30.375095238095234,0.756203895898384,29.215,30.276,31.746,42,9.740190476190477,0.41256841195276905,9.324,9.566,10.491,42,4.816595238095238,0.5029389750851467,3.876,4.899,5.535,42,28.4852380952381,1.0261998286247431,27.254,28.174,30.193,42,0.0,0.0,0.0,0.0,0.0,42,0.056088975785714285,0.018054020577987464,0.020991934,0.06189465,0.083489746,42,0.18772113452380954,0.028180268057466738,0.13657133,0.19625045,0.22375493,33,0.16894248954288146,0.0193482659310267,0.1458361406818488,0.1738837225811031,0.1931626439732961,22,-0.054163311752932146,0.0722099281487145,-0.1541940753812016,-0.0035798544262804002,0.0258179273380295,42,0.5052233162984721,0.08317612820751005,0.3953792535203607,0.4760215367161261,0.7381068985835093
76824,PSH,PUBLIC STORAGE PROPERTIES VII,45,0.02014888888888889,0.05388471119909711,-0.0644,0.0137,0.1591,46,56.02921465217391,8.899705052532685,39.831875,57.915625000000006,73.97375,46,42.84195652173913,1.7285095179440473,40.629,42.269,45.687,46,12.335065217391305,0.5365001978740017,11.771,12.211,13.285,46,4.620652173913043,0.4066755855519958,3.994,4.649,5.192,46,39.12210869565217,2.8281594739591602,36.451,37.743,44.449,46,0.031164160434782612,0.030616543339962048,0.0,0.024612961,0.090938024,46,0.03277223743043478,0.018378893853845012,0.003758692,0.03256733,0.069431186,46,0.14101736869565218,0.025235294528747586,0.092954874,0.14178239,0.16871697,37,0.11658425888395411,0.015235392221781994,0.0992241157028667,0.1135218401608313,0.1380153081777897,26,0.18257450351741122,0.10214763682722806,0.0251206896285319,0.21473709762646687,0.3035753351204753,46,0.7152099856795118,0.11935967644783109,0.5033542386366997,0.7358414572381157,0.9934003921266732
76825,PSB,P S BUSINESS PARKS INC,2,0.0236,0.003818376618407358,0.0209,0.0236,0.0263,2,10.2085,0.28920667350529783,10.004,10.2085,10.413,2,7.3614999999999995,0.8167083322704622,6.784,7.3614999999999995,7.939,2,1.7555,0.0021213203435594876,1.754,1.7555,1.757,2,0.5635,0.010606601717798144,0.556,0.5635,0.571,2,6.2989999999999995,1.5740196949212546,5.186,6.2989999999999995,7.412,2,0.073702825,0.1042315347002108,0.0,0.073702825,0.14740565,2,0.031702457,0.005822484113490389,0.027585339,0.031702457,0.035819575,2,0.11260563000000001,0.03170376893060192,0.09018768,0.11260563000000001,0.13502358,1,0.1017156862745098,,0.1017156862745098,0.1017156862745098,0.1017156862745098,1,0.1555586201025158,,0.1555586201025158,0.1555586201025158,0.1555586201025158,2,0.6194674755155027,0.17173669406368042,0.4980312945645148,0.6194674755155027,0.7409036564664906
76826,PSU,PUBLIC STORAGE PROPERTIES XVI,68,0.018920588235294116,0.04602343841164959,-0.1184,0.01725,0.1415,69,50.63781257971014,5.2396837451019875,41.10975,49.476376,61.04175,69,55.58204347826087,3.3527469704828445,51.29,54.625,61.575,69,9.836768115942029,0.6730102294679156,8.452,9.8,11.078,69,3.643942028985507,0.930644129939012,1.886,4.068,5.245,69,53.65788405797101,3.54557308707232,48.51,52.864,60.682,69,0.0,0.0,0.0,0.0,0.0,69,0.0386852604057971,0.013827378670610683,0.013097677,0.040211126,0.060483247,69,0.0985569958115942,0.028100159187796625,0.03094441,0.105812356,0.13665485,60,0.0671095436519534,0.018025841222674414,0.0383522971786618,0.0779805375520648,0.0859011017576133,49,0.2907972125998852,0.09369905156490194,0.0588280249652387,0.3285231769645216,0.3944874211787549,69,1.073512444219954,0.15296323058365002,0.8087628199420345,1.075987877331983,1.4760975001439554
76827,PSZ,PUBLIC STORAGE PROPERTIES XX,71,0.02349154929577465,0.055265186009894586,-0.0909,0.0147,0.19,71,14.947085366197182,2.6977509177630012,10.11375,15.02375,19.6105,71,16.716338028169012,1.0346072538982656,15.334,16.819,18.551,71,2.6462957746478875,0.5589652274992782,1.491,2.799,3.466,71,0.9270845070422536,0.4308094290810157,0.085,1.074,1.509,71,16.07442253521127,1.1898585709711342,14.548,16.085,17.758,71,0.0,0.0,0.0,0.0,0.0,71,0.07047002435211268,0.024786435410652903,0.028320754,0.0767047,0.11121046,71,0.08493694869014085,0.03644615893533029,0.004581963,0.09257387,0.1284433,68,0.0542032105364325,0.030168632786188327,0.0059422750424448,0.0667702828722412,0.0989139400604894,60,0.24570475800925193,0.10755792517476613,0.049188396757772,0.2613443530886407,0.4950665679001231,71,1.1254564981200312,0.28642811347626446,0.7521796346227719,1.0889768443091867,1.755827405281524
76833,PSQ,PUBLIC STORAGE PROPERTIES XV INC,66,0.02285909090909091,0.044967608777439334,-0.0606,0.0138,0.2292,67,36.84525001492537,4.781812756172637,25.82775,37.53225,46.212624,66,41.062999999999995,1.9240640162067237,38.186,40.8915,44.342,66,7.196863636363636,0.7776332314512691,5.903,7.29,8.345,66,2.8615909090909093,0.7733993291810008,1.578,3.1585,3.679,66,39.777863636363634,2.1088459467852907,36.718,39.5325,43.542,66,0.0,0.0,0.0,0.0,0.0,66,0.03387652922727273,0.010828879819872328,0.010815482,0.03492143,0.050489105,66,0.09783766268181819,0.02972515277809834,0.036156174,0.108035866,0.1312641,58,0.0716051414479518,0.02178135585650079,0.0389628723354195,0.0774692212794884,0.0966614275649016,47,-0.020163552215104866,0.0624800851021403,-0.1811460871433166,-0.0030773218337761,0.0599081781669396,66,1.1000841886140045,0.2037523474087456,0.8027892599357318,1.0384730985816275,1.6298361731356052
76834,PSV,PUBLIC STORAGE PROPERTIES XVII,68,0.023623529411764706,0.05322368487932276,-0.0714,0.019049999999999997,0.2766,69,48.631606956521736,7.881707260144977,32.34875,51.530876,60.048374,68,54.87623529411764,4.380677934714097,48.92,53.745,61.928,68,9.515985294117646,1.105644291030334,7.209,9.697,10.909,68,2.8715441176470584,1.2294903377261228,0.792,3.07,4.249,68,50.64358823529412,6.012592125425197,41.528,51.796,58.881,68,0.04217679272058823,0.043382822597923615,0.0,0.03250347,0.1286398,68,0.020274455245588234,0.010582752487162186,0.004374489,0.019328196,0.03962855,68,0.09341641004411765,0.03627761277382406,0.013047991,0.10775612,0.1284955,60,0.05755178603523168,0.02918898600489214,0.0222643874247119,0.0592709861765387,0.0954148210223871,49,0.43483427700591426,0.07725579932369626,0.2632619867058356,0.461633290991071,0.5364594612193648,68,1.0830267486054375,0.31135014958586377,0.6960823440602764,0.9981232319285962,1.817903966371782
77057,NHI,NATIONAL HEALTH INVESTORS INC,398,0.012465577889447237,0.07668389297536114,-0.3806,0.014700000000000001,0.3364,399,1405.1135861152882,1060.2716960024075,152.4,904.3218,3854.5713,393,1229.6402442748092,945.1126305013249,238.565,702.323,3183.273,381,161.4545748031496,88.94147263132798,39.369,139.171,331.749,381,79.63359842519685,47.207395775883924,-4.846,67.164,190.19,393,658.1844045801527,458.06685752589624,0.363,435.872,1552.185,393,0.37393494289770995,0.19144321492368696,0.0,0.42698354,0.9510574,393,0.06485675974085496,0.08480141694242242,2.5146952e-05,0.02065633,0.30934495,381,0.09671581506299212,0.025244366558060206,0.061499488,0.08884974,0.15653415,379,0.1394828337816905,0.055456356771635636,-0.0001661861337455,0.1338640410600188,0.3018516361942471,379,0.5023944617850391,0.20656465302833607,0.1155286623215988,0.4978774031312614,0.9393156915787748,393,0.5385734853414831,0.327823809530331,0.0019435071495289,0.4667135440163776,2.4167060351434344
77129,KIM,KIMCO REALTY CORP,397,0.012211586901763223,0.08624737159953874,-0.4427,0.0162,0.6352,398,6295.200045025126,4206.7381342152985,277.0,6402.64355,17236.25,398,7469.003623115577,5280.814508707743,386.308,9097.816,19504.178,386,875.5150207253886,520.9226633755337,77.123,966.465,1988.351,386,292.2848652849741,242.8111724011656,-107.357,247.455,1048.675,393,3555.2000737913486,2650.7648533525185,95.483,3499.303,10620.018,398,0.4532847361055276,0.08506310856313018,0.35137555,0.44259542,1.0247134,398,0.02005456481557789,0.013635247850527039,0.005106436,0.01585012,0.09219034,386,0.06289952240932643,0.017242344199826138,0.013058207,0.058568813,0.102288425,379,0.09761787592721528,0.04301961905703687,-0.0008124335724262,0.1102034404210195,0.1784644644887396,378,0.7525719507279456,0.5625033778618573,0.0375085659421136,0.560086215270766,1.75189904523688,393,0.5471532826164985,0.2110787386185656,0.2091364619297372,0.5204797858741849,2.059593506131212
77166,PRET,PRICE REIT,36,0.010138888888888888,0.04996143242701044,-0.0982,0.0,0.1367,37,123.52079378378379,71.14818892092278,79.3875,90.768,290.035,16,157.49275,34.375900060943856,114.788,176.905,190.01,7,17.367714285714285,2.6395485544745285,14.68,18.815,21.089,7,3.8842857142857143,0.22581977643371162,3.669,3.829,4.118,16,69.9910625,1.0440159301945606,68.066,70.232,71.223,16,0.23518277875,0.18916865812063485,0.0,0.3527317,0.40656376,16,0.01100697653125,0.006144117551295045,0.0071871625,0.008626099,0.02330979,4,0.06029510175,0.00047020349999999804,0.06006,0.06006,0.061000407,12,0.0599147400736203,0.0,0.0599147400736203,0.0599147400736203,0.0599147400736203,17,0.03391304723299745,0.05051233434815832,-0.0518206308420255,0.0112295112700134,0.1330645721500095,16,0.796135125470191,0.04543102040176111,0.6939279207659433,0.8018988875629052,0.8730716137752923
77193,PYA,PARTNERS PREFERRED YIELD INC,60,0.022588333333333332,0.05570202835873068,-0.1007,0.01225,0.1658,61,47.26547137704918,4.76365804618557,35.79725,47.922127,57.47675,61,50.75224590163935,3.140668552265784,45.848,49.589,56.687,61,8.636442622950819,0.8201585928869738,7.39,8.597,9.843,61,3.2369180327868854,0.7903793244403173,1.895,3.309,4.213,61,48.913295081967206,3.4685466521501556,42.982,47.89,55.964,61,0.001968508126229508,0.00602099965094079,0.0,0.0,0.021811202,61,0.03134173942622951,0.01172293936479888,0.009580596,0.029177766,0.04945055,61,0.10191998709836066,0.021477171345981365,0.06724646,0.100111164,0.13168804,54,0.06513726267511777,0.0190980027423304,0.0375672846889952,0.0677194748542426,0.0905584626488632,41,0.42673819496290694,0.08130860712379105,0.3118716570108134,0.4243236696150854,0.6049637483213205,61,1.0503993709254837,0.16837349382664993,0.7497814546003927,1.0464194310747794,1.5633603335983712
77194,PYB,PARTNERS PREFERRED YIELD II,60,0.02314,0.058401170176342374,-0.0909,0.011,0.2135,61,46.83163114754098,7.797364201418031,29.357,47.4525,62.76,61,53.60763934426229,3.223293129874007,49.123,52.621,58.898,61,9.317213114754098,0.8968175049353491,7.717,9.318,10.793,61,3.348098360655738,0.851250544883194,1.912,3.588,4.476,61,51.629606557377045,3.3852309536115253,46.99,50.258,57.95,61,0.0007240845393442622,0.0022459250064756,0.0,0.0,0.008618543,61,0.029361152295081967,0.014595351967001704,0.012716901,0.024688859,0.055742636,61,0.09833706491803279,0.020176329809704602,0.061530102,0.10049619,0.13065162,54,0.06393518822910543,0.01843164602672072,0.0343421643466546,0.0689992220382597,0.0904084732888851,41,0.33180918832964956,0.08206477037519377,0.1472400448341576,0.3464613156075065,0.4283339847006077,61,1.1475890549956493,0.28923085878675153,0.7516889529595943,1.055097230762835,1.9739755684483924
77195,PYC,PARTNERS PREFERRED YIELD III,60,0.020371666666666666,0.05856637576337207,-0.1197,0.0179,0.2342,61,21.39230224590164,3.4273802663525283,13.85175,22.20075,26.9445,61,22.234262295081965,1.595605986259762,20.084,22.642,24.712,61,4.346770491803279,0.4921239475796932,3.56,4.413,5.115,61,1.5035081967213115,0.47530374929970903,0.748,1.696,2.023,61,21.14644262295082,1.6877203019121239,18.869,21.573,24.111,61,0.0,0.0,0.0,0.0,0.0,61,0.06957843601639345,0.022793382032029907,0.035614558,0.06993871,0.10233895,61,0.10784354665573771,0.027900899734793556,0.06761897,0.11037011,0.14714314,54,0.06994240666704148,0.025521378778918684,0.0332936979785969,0.0786167895054002,0.0987940630797773,41,0.11722686138222725,0.060621212528295304,-0.0565523540274762,0.1360826491185223,0.1927003903186922,61,1.0306896636357261,0.2734011803596483,0.7202492370545769,0.9596247749094842,1.7406464931171266
77196,PSY,PUBLIC STORAGE PROPERTIES XIX,66,0.027215151515151515,0.10164579259130778,-0.2115,0.0173,0.4857,67,35.69831140298508,9.093621418780108,18.45775,35.827,51.384377,67,53.54040298507463,2.485380039592154,49.527,53.327,57.371,67,6.686701492537313,1.5260464568063035,3.598,6.972,8.488,67,0.972865671641791,1.407844913285663,-1.37,1.035,2.947,67,51.39891044776119,2.062216281542484,46.968,51.982,55.233,67,0.016597720164179108,0.020967333937351375,0.0,0.00663435,0.06536403,67,0.019222517141791046,0.010546040557569423,0.0008979079,0.01860499,0.04071336,67,0.055726762358208955,0.037351760999119965,-0.018036036,0.06407636,0.09784562,60,0.01617211699198716,0.026240291425904744,-0.0224459945994599,0.0169028184198367,0.04913741575118,47,0.8064674057201641,0.15359710650144134,0.3809862489745498,0.8011817897950095,1.0664300478729103,67,1.563262159976373,0.5081798062213486,0.9391959777954524,1.4509168628018958,2.992401658326956
77239,RLIN,ROYALE INVESTMENTS INC,342,0.010916959064327485,0.0750278505794555,-0.2318,0.01325,0.4519,342,1753.913605745614,1112.0725405133942,11.36,2018.09045,3713.2344,342,2670.0646549707603,1436.2659750586467,10.517,3432.8175,4269.329,342,422.64230409356725,248.03412143033776,0.832,530.2845,771.742,342,41.2610350877193,58.138973884872286,-119.639,33.2855,194.887,342,884.3178801169591,563.1963830195151,5.396,988.1995,1730.728,342,0.5586178705847953,0.05907125817577987,0.28814983,0.56576014,0.6604692,342,0.02025149863040936,0.04903710542400734,0.0031921228,0.010759406,0.4106135,342,0.04983409825146199,0.011337032784869683,0.016617235,0.05128635,0.07114528,342,0.04699283536971743,0.050147128032641035,-0.1036470003805014,0.054824665989903,0.1325215059437716,342,0.6475971269717822,0.27438037882939154,-0.0062012893519419,0.7739470198398599,1.0886324833726826,342,0.5960068464656457,0.27963970734602084,0.1130743376791609,0.5272619954266751,2.500635543400796
77857,OHI,OMEGA HEALTHCARE INVESTORS INC,388,0.013170618556701031,0.10096827584063908,-0.4912,0.014799999999999999,0.5511,389,2946.9748429434444,3064.816664863112,34.7826,1211.0875,10962.589,381,3599.824598425197,3645.0711275823987,144.752,1336.393,10037.231,381,387.56696850393706,352.3400416834551,5.968,214.699,1091.755,381,118.24100787401575,129.9991747558723,-79.82,67.598,451.312,381,1461.8612913385828,1505.282579420597,121.643,677.916,4146.778,381,0.4794194323622047,0.09132347434738791,0.1404402,0.49396932,0.6119815,381,0.01636532912984252,0.025093450227537874,0.0,0.008996058,0.15833402,381,0.06546931307637796,0.016433356064737514,0.0052158027,0.06815224,0.10746764,379,0.07555010553627256,0.07241909417959001,-0.19296920327242,0.0903116653220437,0.1913539328381819,369,0.683963841445075,0.2921533727105417,-0.0793521555275133,0.7196013867321348,1.8120575850208167,381,0.8037406073648196,0.9472709364410933,0.21285061387105,0.5284970353830312,7.383374919294421
78089,TCO,TAUBMAN CENTERS INC,336,0.012145833333333335,0.09171316567814278,-0.3356,0.00975,0.9705,337,2104.6621728783384,1519.412322185458,401.31,1758.9658,5452.802,337,2380.364011869436,1317.9253179654572,0.0,2546.873,4727.01,337,470.52365578635016,272.06654704124617,0.149,567.23,819.619,337,81.4789703264095,143.27318163503773,-159.808,48.812,886.995,231,274.1905844155844,146.104810280811,8.593,307.31,557.618,335,0.6227898728656717,0.34892732922078995,0.0,0.7423251,1.0506558,335,0.03099556297761194,0.09397412840167678,0.003602988,0.014537523,1.0,335,0.13895707494626866,0.573241214008932,0.010036714,0.08181875,6.1538463,330,-0.26504811682110807,3.2386211443024107,-22.154649234071613,0.0526354450929044,3.5293720459149225,317,0.6064112217489035,0.43889740278317046,-0.1505787609021368,0.5259824807914326,1.4605917666035535,231,0.37116088336846953,0.30377138528659925,0.0021805452040251,0.3204586817352783,0.8903260982572884
78927,SITC,SITE CENTERS CORP,382,0.010282460732984293,0.11038566408698022,-0.6355,0.0142,0.939,383,2922.78715694517,2042.9066658465008,256.54324,2760.9043,8133.268,383,5038.290240208878,3071.8242803281264,238.414,4142.742,10563.766,383,578.6637832898172,315.80674574185434,45.654,582.126,1067.704,383,65.6153864229765,141.84764986971877,-291.518,67.982,459.759,378,1671.435134920635,1008.8270493070214,85.83,1849.5085,3499.661,383,0.5385111005744125,0.10315008588902838,0.3830669,0.5414296,1.2574303,383,0.01292929502027154,0.03250900186250925,1.2931796e-05,0.005630525,0.29305622,383,0.053990843668407305,0.013710818349697234,0.014996737,0.054787774,0.08329072,367,0.07115278976540743,0.09116491038585212,-0.1545323592605529,0.0882500936276694,0.2226556201173232,363,0.94770144952252,0.8293032228028481,0.0056903845921556,0.684699533440627,2.479645542723755,378,0.6769022290769335,0.694146040778479,0.177131964303369,0.5430247284955921,8.3331043980968
78931,CRE,CARRAMERICA REALTY CORP,160,0.010817499999999999,0.05317101228272612,-0.159,0.01025,0.1546,161,1326.9583081366459,668.5924926636679,229.188,1564.2244,2641.0637,156,2244.0413269230767,1222.3822013246906,246.586,2808.517,3793.484,147,395.6824693877551,190.0620500033343,87.224,483.268,620.567,147,76.28726530612245,50.979874130355974,5.4,69.146,151.079,156,867.5880576923076,585.5521766013875,54.707,781.451,1885.648,156,0.535992848076923,0.10723678846053519,0.37497213,0.54935205,0.7821685,156,0.029288359467884613,0.05574211759944701,0.00020346353,0.011223286499999999,0.28204358,147,0.06605076566530613,0.019481474982250224,-0.0037065274,0.0607285,0.111284405,145,0.0862540402037326,0.04316698495239251,-0.003574425239134,0.1032632471638249,0.1703034265893623,141,0.3143903290205781,0.14115283771990067,0.1126986838894714,0.3284951771230903,0.5603217120220435,156,0.5760638426764169,0.29553841213356985,0.0993004396865948,0.46449743036222535,1.2241161866454875
78947,MHC,MANUFACTURED HOME COMMUNITIES IN,382,0.01283717277486911,0.059628535862443245,-0.2082,0.01765,0.292,383,4000.773622454308,4614.349400552365,194.25525,1269.1042,16114.1875,381,2455.238181102362,1558.428222192826,161.226,2058.069,5645.475,381,565.630188976378,416.18359661009174,35.648,467.639,1518.122,381,89.13322047244094,99.72504084778993,-5.966,30.842,357.118,381,530.68568503937,470.66650760404093,5.798,270.602,1457.37,381,0.6341360720472441,0.11903762577287136,0.30140844,0.6313708,0.8763509,381,0.029245236820334645,0.05706365647253751,0.0,0.013356316,0.46678507,369,0.07524280294308944,0.022445131757428082,0.024265662,0.07075891,0.11641333,367,0.3070736135846038,0.8065367044708943,-0.0717492926559232,0.1766596021923531,4.659192825112108,363,0.3806757773368389,0.2963589307669611,-0.1152632681859728,0.3825900317272533,1.5747664345950776,381,0.21561764756738389,0.1685827696665747,0.0076301017375737,0.1378500218573079,0.7533750681975088
79129,GGP,G G P INC,135,0.01114962962962963,0.08503500058498659,-0.4795,0.0108,0.2231,136,14295.501851544119,9014.811880618272,486.7911,18282.344,28218.145,136,24752.96405882353,3392.570363434848,18797.494,23789.795,32367.379,136,2541.941375,388.91048163951655,1305.306,2593.116,3302.474,136,499.2319852941177,1308.7238926298423,-1283.746,319.403,4090.541,136,6377.813426470589,2849.06717073128,1354.583,7949.753,10115.565,136,0.610514022867647,0.09605176107796139,0.1043428,0.59770143,0.7610421,136,0.016562671027941175,0.0064618203649875125,0.006753736,0.015692994,0.032616984,136,0.029137250397058823,0.019482464057155115,-0.016154593,0.030951083,0.057675365,124,0.1613402292587781,0.3716263350448704,-0.2929360055172982,0.0768486504774938,1.2491227523726376,136,1.3744881005706466,0.7464203705764111,0.3246810140142085,1.227409797608304,2.4353191225539645,136,1.099575663089227,1.3536299828892973,0.0907602061830613,0.4335339036245349,5.342608349146888
79233,HR,HEALTHCARE REALTY TRUST INC,349,0.008974498567335244,0.06581359742810658,-0.2968,0.0102,0.2242,350,1864.471191857143,1303.2685955331265,119.0805,1497.36825,4822.5205,339,1980.2879557522124,1029.1566029392986,134.07,1747.652,4258.919,339,252.70090265486726,141.43984023287067,10.705,235.671,534.013,339,38.62318584070797,32.072615576731764,-28.284,31.212,121.506,339,1015.4151504424779,505.8028594576572,108.19,971.839,2185.116,339,0.4075874800884956,0.11802998846912541,0.0,0.425961,0.5972297,339,0.01359716972238938,0.0413398034791752,0.00018435094,0.0031672143,0.3646003,327,0.060979768871559634,0.01853252617875405,0.014554082,0.059515495,0.12561907,325,0.051235574578399716,0.02799849850695046,-0.0002129764352521,0.0558729974805813,0.0950355619902056,330,0.4769004640014582,0.2286780233015503,0.0388926671649823,0.4600648742985616,0.9498541165114688,339,0.6289852449550567,0.2446986664319206,0.3086526278401419,0.5315765891814201,1.6236239435387076
79238,SKT,TANGER FACTORY OUTLET CENTERS IN,379,0.01322664907651715,0.08871699670795431,-0.5826,0.0112,0.5755,380,1413.398809642105,1169.8728884690565,118.125374,1198.6963500000002,4092.3203,369,1328.313861788618,807.0185261840113,182.396,1168.905,2791.769,369,269.7568780487805,158.7115490870726,29.204,252.527,512.652,369,43.90317886178862,54.184410086873584,-48.29,25.503,277.803,369,306.9309268292683,188.66123276912182,71.206,213.828,670.242,369,0.6308423753658536,0.11719703561450291,0.10990874,0.66814053,0.8090107,369,0.020095229013333334,0.04000440415268235,0.00038532997,0.0058030807,0.24886511,369,0.09120224582926831,0.011941920789296838,0.047153387,0.093441375,0.11456382,367,0.11953511278369006,0.08497342165033177,-0.1062655613814112,0.1050377503725904,0.367216854419034,360,0.6403944789933559,0.6174742207247712,0.0640928206546719,0.4264744775706082,2.2127197036178323,369,0.3419508074406662,0.24046010855150107,0.1164605391985581,0.2461109863748117,1.2587473473959871
79239,TRI,TRINET CORPORATE REALTY TRUST IN,77,0.007846753246753246,0.05509048677168267,-0.1271,0.0113,0.1653,78,479.93074961538457,227.07947334531494,148.98,425.736,916.8181,78,721.1773333333333,479.34938388329033,164.503,619.431,1603.828,78,72.09862820512821,47.573336487724504,17.722,61.791,173.704,78,31.23528205128205,21.209814885515986,6.767,22.784,69.124,78,374.44429487179485,249.0491173971803,108.948,287.448,817.41,78,0.411690106025641,0.07498577750231171,0.2856997,0.42140661,0.537777,78,0.023222885671794872,0.01517718211966253,0.0046249516,0.018094923,0.06355507,67,0.060878633985074634,0.010421653524999483,0.041100137,0.062644474,0.07711119,65,0.07131792565993898,0.01879250769947901,0.0368873989078592,0.0804739687476857,0.089146619674057,58,0.2515207326705712,0.06793865407045664,0.1160786140326269,0.25723917848957756,0.3635910027086389,78,0.7367571082457628,0.25344108006711985,0.392810650779236,0.6965162006853081,1.3975856653693846
79332,KPT,KONOVER PROPERTY TRUST INC,112,-0.012159821428571428,0.10107965680485684,-0.2879,-0.01005,0.3153,113,152.47123213274338,74.46488040065506,41.18116,134.25674,324.762,113,446.1479734513274,190.1302451459948,102.245,387.041,727.133,113,57.38536283185841,20.616358365845386,14.856,53.586,89.476,113,-16.524194690265485,43.32412710106114,-145.494,-0.43,14.217,113,198.90807079646018,73.37289530587144,98.781,193.048,331.498,113,0.4379393396159292,0.1808482390329513,0.0,0.4989028,0.6970883,113,0.04456134070176992,0.04617870148853199,0.0039752354,0.0263818,0.221838,103,0.03668071261184466,0.02305340497390141,-0.009658546,0.032113887,0.096879885,101,-0.0761507759844723,0.23102511055800204,-1.0512620881822652,-0.0232952685206313,0.060125897511557,93,0.6940140615120514,0.22021200051018533,0.3322321868065135,0.7108476307190654,1.1686124979015828,113,1.5604143552239655,0.7512843567577943,0.3599528333832015,1.5447208109726305,5.411732511667711
79333,HLY,HOLLY RESIDENTIAL PROPERTIES INC,17,-0.016747058823529413,0.07052295829769781,-0.1456,-0.0317,0.0983,18,139.05694444444444,23.924244948347024,109.725,128.560685,186.19826,8,253.03187499999999,0.4830215722778009,252.301,253.089,253.462,8,25.01325,6.624686704182426,17.932,26.284,33.729,8,3.66975,1.2328959810138078,2.352,3.906,5.292,8,126.659125,1.7614037776322495,124.267,126.419,128.494,8,0.47294041875,0.005287180526987447,0.46813175,0.4724653,0.4808661,8,0.025294955125,0.002280890228008006,0.02217193,0.025018867,0.02765306,8,0.0325870475,0.011760169639054349,0.02623583,0.02623583,0.0516407,6,0.0183043566236555,0.0,0.0183043566236555,0.0183043566236555,0.0183043566236555,0,,,,,,8,1.058412273096192,0.047584757905809696,0.9748910639542064,1.0650420464321808,1.1325313127456424
79449,PPS,POST PROPERTIES INC,280,0.009769642857142857,0.0681055709057817,-0.2975,0.0131,0.2584,281,1579.737307935943,812.3505549140256,426.3001,1408.6284,3546.3777,272,1990.6101948529413,568.9016140119004,627.322,2180.856,2615.078,272,285.54769117647055,80.43292178444413,114.247,298.866,401.595,272,42.22856985294118,66.16527620317983,-143.411,41.126,220.827,272,862.7299485294118,293.1125609671489,177.864,958.584,1290.435,272,0.47230428158088233,0.04912383935845571,0.376674,0.4720846,0.5703753,272,0.01431315817647059,0.016158720164082364,0.0009577173,0.0074345246,0.07061388,272,0.05469401505735294,0.017775186413751195,0.0010887551,0.05677881,0.09202454,270,0.07588240491405036,0.05469460572254793,-0.0293651329105383,0.0845824981267282,0.1688266904492874,261,0.5141047055934723,0.4584981967111556,-0.0251167634969039,0.3037088122486465,1.3540407745916254,272,0.598512725723482,0.2788390075096946,0.2949432401953497,0.49446655571732007,2.364909192854105
79524,RFSI,R F S HOTEL INVESTORS INC,118,0.010919491525423729,0.07893306399217145,-0.2333,0.0109,0.2432,119,340.67815731092435,96.37519034353159,46.506,352.263,520.03235,111,545.1463783783784,180.77312480037483,80.121,642.655,703.277,99,103.79881818181819,59.37779940904245,23.354,87.338,221.878,99,23.286575757575758,14.033583151251136,-13.729,30.79,36.547,111,323.304,67.36906586989177,78.531,339.182,372.51,111,0.281798478072973,0.17808393783357665,0.0,0.39383006,0.45796156,111,0.05051083471027027,0.09100050153845451,0.00045887858,0.011247929,0.3645392,99,0.07870272551515152,0.023315926469525263,0.015647473,0.08894219,0.10630225,97,0.0684993979048381,0.04793340265541828,-0.0472093559046941,0.0904510747816642,0.0968519651343997,99,0.38133667595446,0.14789352868156494,0.1407176944513674,0.3653282361396721,0.6663770033246351,111,0.9248654042279271,0.23508739718831673,0.1870189949963643,0.9167314885858036,1.405435045462796
79534,RET,PRICE REIT INC,57,0.014405263157894737,0.044278204978185666,-0.0565,0.0042,0.1281,58,305.373084137931,104.48308591919051,161.665,255.98337500000002,559.42206,58,364.606224137931,110.57758575452691,188.629,317.6415,637.503,58,43.371448275862065,13.878946311150711,21.089,42.3505,75.425,58,15.286413793103447,5.426704557287702,3.829,16.506999999999998,26.254,58,227.62715517241378,59.657282037764645,67.628,224.916,328.051,58,0.3403522746551724,0.0836758808054228,0.22051914,0.35446626,0.4700025,58,0.008798947985517242,0.007695805215422337,0.00050910487,0.00637368585,0.026558679,58,0.06528795946551724,0.008072729657508493,0.04565764,0.06762977,0.07450297,48,0.06526603029454577,0.014610437305385483,0.0403427899638028,0.07272932099454545,0.0752626892252894,38,0.07043561910007529,0.09503120959200302,-0.1555171842300303,0.0621626758916549,0.2611676209898355,58,0.7674877219541579,0.17620019040007096,0.2989099314451495,0.8389235910916122,0.979209564760982
79542,XEL,EXCEL REALTY TRUST INC,163,0.014528220858895706,0.058149680751543906,-0.1795,0.0155,0.1968,164,1411.116612987805,947.5833332134797,179.55,1470.35385,3455.7314,162,2118.593574074074,1385.2306123096118,147.977,2888.404,3950.902,162,268.72622222222225,182.70937250325773,8.456,325.65999999999997,507.195,162,80.68385185185186,72.29004945522438,-1.713,82.046,282.97,162,1018.475888888889,644.2784382466581,37.644,1494.992,1697.928,162,0.4663433577160494,0.07175108843120155,0.26406977,0.48070076,0.7159018,162,0.014270376314135802,0.01572971174846612,0.00040422453,0.008738989,0.09347778,162,0.060351316341975304,0.018396404131213476,-0.01047066,0.0619576,0.087760784,142,0.08610957002935815,0.03794919530000592,0.0199552981563576,0.081343115615147,0.2053968952162298,144,0.17190995070154358,0.14598286189428097,-0.0758698180037691,0.163846619161227,0.5318557631036931,162,0.7536715298910748,0.24959366611735279,0.1967156627190806,0.7172835917524396,1.4753693442854936
79548,TEE,NATIONAL GOLF PROPERTIES INC,113,0.005701769911504425,0.10420986121961238,-0.4685,0.0022,0.3392,114,281.2864264912281,87.13199627522803,77.4493,276.394625,429.649,114,522.372798245614,217.02063560164325,121.309,533.309,785.77,106,80.49601886792452,32.39570679903688,28.297,77.413,126.54,106,12.220481132075472,7.918345705332928,-21.083,13.882,20.925,114,150.40709649122806,41.51289875181228,22.602,133.5485,216.575,114,0.4503101113596491,0.1829899579499478,0.053654727,0.48931044,0.764123,114,0.030838065445438597,0.04994124890355887,0.00056118926,0.012826531,0.31999093,106,0.09904289615094339,0.01712720577231368,0.061685316,0.10101039,0.13517807,104,0.08837261639018035,0.049856876521343095,-0.0036115090735434,0.0746794673621611,0.1594792914949849,94,0.2036992951823555,0.20581240236529397,-0.2234334099061147,0.3129001458892735,0.5095785472177983,114,0.5884274050623012,0.2243864131489121,0.0527014367049054,0.5370065070225856,1.5000006010521902
79556,RCI,R O C COMMUNITIES INC,41,0.009868292682926829,0.061075758034691584,-0.1658,0.0106,0.1376,42,246.25718428571426,61.48365503228231,131.057,260.904,349.1505,37,239.53394594594593,77.97265780991079,37.653,269.778,343.959,34,39.428676470588236,14.574677084048139,17.625,42.323,58.735,34,7.956205882352942,3.867107303362802,2.327,8.866,11.72,34,171.70170588235294,38.70236919028572,106.874,191.634,199.488,37,0.3685173543243243,0.2320409043584643,0.22773875,0.32058534,1.1127135,37,0.017594812418918918,0.01686083351892196,0.002286099,0.010440212,0.064031966,34,0.05786031691176471,0.025795189253539342,0.024838384,0.07021968,0.088610165,32,0.03662799304519052,0.015337711049304583,0.0211757211757211,0.0363981793391081,0.0601511214085183,22,0.39528934194988674,0.08307677186708355,0.1988135102378013,0.38359891476290214,0.5498392751672805,34,0.6452888748554566,0.11110366222637236,0.4096295976654877,0.6517646922609058,0.844494557232811
79558,BFS,SAUL CENTERS INC,376,0.008992553191489363,0.07010736184165797,-0.2667,0.00515,0.4031,377,688.9056859416446,376.1075636586959,154.42274,734.83386,1425.454,369,922.7429837398374,558.3695161249527,213.365,872.2,2071.597,369,152.2280487804878,66.63231741766681,52.991,160.345,264.26,369,30.263634146341467,15.544312644019563,-0.727,30.872,54.103,249,118.22939759036144,72.18178063726523,0.964,115.826,257.765,369,0.7971778962601626,0.1543740680424142,0.61728823,0.6999475,1.0901772,369,0.01279456394689431,0.013286235231681872,3.7474238e-05,0.008392071,0.09593398,369,0.07962714530894309,0.019360583474919528,0.030148597,0.07457426,0.1333954,367,0.9655322656757279,4.900325609662642,-2.6154682615196414,0.2873823275274,27.15145228215768,357,0.5685367862651312,0.29925988665681375,0.0172526462175119,0.5785965723284668,1.036006546796125,249,0.16420709649546827,0.2199932552339945,0.0015911648862562,0.099924874356912,1.2122981176538463
79752,TUC,TUCKER PROPERTIES CORP,28,-0.014353571428571427,0.07398618230424969,-0.2481,0.00015,0.0964,29,150.35014586206896,38.17148401006678,94.745,135.35,207.39862,26,295.0366923076923,64.90372831372277,120.846,322.16,330.43,23,43.40578260869565,8.326550611565178,27.287,48.635,49.843,23,6.030391304347827,2.901434907375854,1.891,6.639,10.99,23,136.92260869565217,5.524757606687214,127.38,138.961,144.168,26,0.5616915684615384,0.18012289654953045,0.44746745,0.5103458,1.0445526,26,0.015732536884615386,0.006304491138286028,0.002945898,0.016253721,0.028211724,23,0.03647929213043478,0.018045976923938212,0.014504483,0.048851963,0.052358177,21,-0.009309105157055844,0.05980526780677333,-0.0598537816991287,-0.0598537816991287,0.0580837968990413,9,1.0246517419359398,0.173765355860315,0.7335405601766001,1.1056353764975464,1.1938447520451492,23,1.0372452918739092,0.19762871006701513,0.735132347547363,1.0415515258473402,1.3804634275823429
79753,URB,URBAN SHOPPING CENTERS INC,84,0.016673809523809525,0.06056797260759689,-0.1137,0.0119,0.3596,85,437.4496741176471,141.55777146230483,266.511,479.233,851.1782,79,1009.4476835443038,465.6227647235843,540.59,921.096,1899.415,79,143.87443037974683,63.34364271922323,78.908,111.823,281.38,79,21.144531645569618,7.468632962538317,2.724,20.664,32.481,79,202.0489493670886,72.2753509698702,126.471,192.086,321.743,79,0.47451549139240506,0.07985577312881569,0.34983575,0.48548687,0.60735744,79,0.016271812164556962,0.02146362693261706,0.0002989918,0.0072525823,0.06584461,79,0.0678683508227848,0.01519315440157965,0.038973544,0.06942905,0.086968794,77,0.08248375897445424,0.0469720746607731,-0.011252707870878,0.0942307139135965,0.1310692964783025,65,0.3209807587902827,0.1202382477725692,0.0323389231666308,0.3354343725377077,0.5176929248946907,79,0.45786678121171465,0.10688678389345742,0.2450871422490481,0.4747723882250665,0.7050820939349678
79755,CAX,COMMERCIAL ASSETS INC DEL,81,0.007109876543209876,0.04919542053112838,-0.1413,0.0,0.1245,82,62.24710625609756,6.467826812326262,47.952,62.83125,77.565,76,80.04213157894738,7.3009780026917985,71.36,78.236,106.008,64,8.163765625,1.8956710814269269,4.622,8.903,10.424,64,6.749484375,3.141038949502484,1.887,6.456,13.706,76,75.03186842105262,2.5652541464325673,70.465,74.92,81.233,76,0.04045423879078947,0.0673071804863305,0.0,0.0,0.28819522,76,0.3063621784210526,0.32506658709314246,0.003559417,0.17681777,0.94887906,64,0.057795109750000004,0.026552924313836976,-0.010926125,0.06382077,0.08572029,62,0.09287091572351747,0.0457300285389544,0.0340708143788555,0.0904846377634286,0.1763850460073354,62,0.17967441220815963,0.12996260919383756,-0.0130126031706074,0.12468419385080125,0.4239538213573796,76,1.2237967435201667,0.1459566794310013,0.955018325261726,1.2075572425903225,1.5881923106578255
79761,MCG,MCARTHUR GLEN REALTY CORP,20,-0.014695,0.10245045259461817,-0.2404,-0.03825,0.1786,21,367.1625585714286,93.48515043024642,254.5325,333.77374,533.0775,21,285.07314285714284,50.69873447659782,208.42,285.819,362.858,15,51.037400000000005,5.506743071647965,44.056,50.664,58.758,15,4.669,2.3870257344953063,1.469,3.945,7.464,15,87.3134,3.791659037564274,81.952,87.35,92.437,21,0.61640812,0.22221854014912007,0.43244556,0.49701723,0.97750694,21,0.07194625871428571,0.02068280357068433,0.04151339,0.0665824,0.100937374,15,0.0644529128,0.029888182677922967,0.030406242,0.07382262,0.09819502,13,0.00975074757399876,0.023299148773234392,0.0032887263758018,0.0032887263758018,0.0872950019523623,1,2.045309779723602,,2.045309779723602,2.045309779723602,2.045309779723602,15,0.27997207849420536,0.03383091507650356,0.2103571886453968,0.2864321763980246,0.3247936285941886
79763,OAS,OASIS RESIDENTIAL INC,53,0.005473584905660377,0.05668549587566943,-0.1551,0.0,0.2405,54,347.7582392592592,43.08326175476561,219.66525,360.05937,397.341,54,533.4667777777778,236.0135323787054,108.771,577.2665,813.572,48,70.3173125,27.50921609992151,22.552,74.35149999999999,110.679,48,21.129375,10.582965126922584,-1.297,26.121000000000002,30.998,48,311.0125625,84.26072114369532,157.415,365.27750000000003,385.205,54,0.5072408205555555,0.2366153476119807,0.23672703,0.45164588,1.1377573,54,0.014634265738888888,0.018486221607257283,0.0015742884,0.007595873899999999,0.07712092,48,0.0468764874375,0.019178791142498076,0.0040327795,0.052601324,0.06768266,46,0.04706453656011424,0.03415978939022608,-0.00821307125805,0.0558971102380337,0.0789504796195287,34,0.39339267358847596,0.1302695473239104,0.2327648391770872,0.34788114795731473,0.5993378132623624,48,0.8645755374435885,0.22134876178744853,0.3961710301381755,0.9708798733312797,1.1364043286421828
79770,LXP,L X P INDUSTRIAL TRUST,374,0.00978048128342246,0.0824272555640509,-0.5337,0.013049999999999999,0.6176,375,1388.155095864,1096.531324116777,82.599625,1131.2643,4484.752,369,2507.0450731707315,1543.4749698914386,207.55,3180.26,5675.174,369,244.44852032520325,148.8445409700578,24.916,328.859,491.03,369,57.42986991869918,99.78341009803592,-158.36,21.455,382.648,369,891.2324390243903,646.9779907980347,92.659,841.042,2255.964,369,0.5214098911382115,0.06422199044460947,0.3732674,0.5423843,0.6089674,369,0.03145530797804878,0.02059173886341306,0.0043438314,0.025770614,0.12357958,369,0.05487557245528455,0.00864211869943539,0.023356399,0.055560097,0.073738255,367,0.06065246539888036,0.08188512847592867,-0.238591647157931,0.0668970720316148,0.1840143058853991,355,0.7137975264067813,0.5422962613041308,0.0585993902495773,0.503113980068372,1.95073063882632,369,0.7399272024057608,0.31306830683950926,0.3660582639242799,0.6376099635568999,2.87739446781543
79777,CBL,C B L & ASSOCIATES PPTYS INC,312,0.011262499999999998,0.17760497055747124,-0.559,0.0097,2.3644,313,1518.0992447923322,1028.060172393865,156.72052,1331.9465,3898.5857,313,4661.381102236422,2539.658602095517,393.269,5491.019,8105.047,313,718.9593929712461,386.72309617183845,67.647,887.496,1166.284,313,77.36688178913738,61.72169429108588,-118.827,72.744,219.104,313,770.1785974440895,392.02000895586195,32.985,755.407,1454.783,313,0.6680711084664537,0.08307950187349745,0.43988594,0.68586534,0.88477355,313,0.007361048587539936,0.0038595356260371777,0.002425532,0.006519471,0.023170924,313,0.05869546162619809,0.013520075838583237,0.020241603,0.05982959,0.08111504,305,0.0958338952562416,0.04945754575765561,-0.0814926066681049,0.1060245160319967,0.1721525185870831,293,1.237241397423039,1.2574678713195806,-0.0422034551988644,0.6903057024567844,3.9026894200668143,313,0.7072033038706563,0.7177320314198892,0.064326460163525,0.5520155909602684,5.340545360360832
79778,CPG,CHELSEA PROPERTY GROUP INC,131,0.019406870229007632,0.06328936378114013,-0.1897,0.0216,0.1972,132,812.8991488636365,690.0354981690082,255.48924,541.89275,2968.6167,126,851.932119047619,492.23345658577256,285.861,774.1044999999999,1984.393,126,158.19157142857142,95.00231476846689,38.752,143.5435,394.164,126,35.43490476190476,21.48886966684979,3.164,29.039,103.638,126,273.39930952380956,102.38796208238266,169.691,267.77049999999997,526.015,126,0.4148558680238095,0.17621574611416824,0.032759283,0.46622477500000004,0.61885995,126,0.029678911880952383,0.03765960713890673,0.008551062,0.016576951,0.20049389,126,0.09539007328571429,0.017271798827128697,0.053523682,0.09565388799999999,0.12309966,124,0.1053126785903901,0.04987183784206604,-0.017394859274955,0.1107276615485579,0.1949320134091599,112,0.27077732168249363,0.24104234150105094,-0.0114723903326437,0.28975470576926093,0.8012279529549414,126,0.4204230467575107,0.13695573884896708,0.1670711729618956,0.4326428616570015,0.6660856714202071
79782,REG,REGENCY CENTERS CORP,374,0.010592780748663102,0.07132479293452504,-0.4083,0.01005,0.4095,375,4812.433253466667,3918.4559108974304,97.4775,4001.1133,13719.962,369,4955.1036585365855,3767.1242401450086,153.653,3973.648,12650.903,357,575.2320420168068,384.9561005088703,28.59,476.33,1470.231,357,127.6608487394958,118.55848580014948,-58.503,98.795,485.289,369,2431.407512195122,2266.5519031609115,94.959,1513.825,6835.914,369,0.43503052292682926,0.061336974739832226,0.30596575,0.4467776,0.5409313,369,0.015627054491056912,0.010382283039604884,0.0017063033,0.013724599,0.06646848,357,0.05570988086554622,0.009527532220067832,0.022742873,0.056692656,0.07695396,355,0.06727980566013574,0.03848079920821513,-0.0229376058873855,0.0735782329836006,0.1384455720872296,355,0.6250776682471489,0.4228221934744699,0.0452199803056066,0.4937918211718276,1.3340544694264955,369,0.5798994410436618,0.2588082617542642,0.1940074740400978,0.5534425005597404,2.3693730771579675
79890,REA,AMERICAN REAL ESTATE INVT CORP,36,0.024522222222222223,0.052625040813617616,-0.1497,0.01645,0.176,37,392.8920112162162,176.0070799020488,15.636125,359.0496,741.9743,36,835.7375555555556,84.35621975254506,671.654,827.4200000000001,1060.958,36,103.14194444444445,10.007005925691534,92.332,99.542,124.778,36,10.08136111111111,13.056133332986844,-7.997,19.374,23.523,36,272.05858333333333,51.23612055982995,163.68,262.792,438.411,36,0.5133591594444444,0.04033783152460854,0.40658882,0.5215569,0.59600335,36,0.007925561686111112,0.0069406814560115625,0.0013700571,0.00497362015,0.024888469,36,0.05657941905555555,0.005909885816175452,0.048490617,0.0558415015,0.07012539,36,0.02919507810296865,0.04618320662630848,-0.0330178113670867,0.0435462420473742,0.0736940227523494,36,0.16309862398385536,0.061033174544849605,0.0594402847007419,0.13930969650832536,0.2531376782773746,36,0.7434476419206006,0.20384354537497054,0.3863146053631639,0.6931234855375381,1.246207237047952
79893,AEC,ASSOCIATED ESTATES REALTY CORP,260,0.011989615384615385,0.0850658868413103,-0.3607,0.00975,0.404,261,377.8910385440613,322.61300894141493,91.39464,257.664,1668.1038,256,749.7070234375,292.1340564455247,129.705,716.244,1526.515,256,137.574828125,36.151056301028724,43.347,149.956,194.894,256,5.487515625,27.323403294894305,-24.88,2.641,144.711,256,165.15152734375,153.90479010224126,29.432,101.064,647.48,256,0.6632598544140625,0.10638618729815844,0.39351153,0.6674399,0.8162449,256,0.025838890548828125,0.03328305964367343,0.005659766,0.018588437,0.30050498,256,0.0513849006875,0.021587592097425414,0.018674752,0.045381006,0.1439688,254,0.15773548495498624,0.2067434967568395,-0.1674337966798613,0.1121149784185875,0.7102000784621422,241,0.4637477136288533,0.2996007035332506,-0.1271033503419577,0.3781486590708166,1.0136108027791726,256,0.4611190775653907,0.25410639097946036,0.1114932523239484,0.3978189986916104,1.4273822996186014
79894,AVN,AVALON PROPERTIES INC,54,0.013803703703703703,0.060594202235150565,-0.1528,0.00885,0.2603,55,748.316092,257.80297466558017,425.7045,651.613,1298.5397,55,800.5811090909092,314.99092380161574,370.223,756.873,1529.703,55,99.54398181818182,35.0866637545605,58.132,92.983,178.139,55,31.508709090909093,22.82379193239073,-6.2,32.093,69.326,50,518.20624,165.6493147236988,327.68,427.244,862.007,55,0.3730743107272727,0.1987650737148179,0.20946728,0.3308675,0.97621703,55,0.01742909608727273,0.018508448418976618,0.005378187,0.011312112,0.08077502,55,0.053945243909090904,0.01810106232358329,0.016073497,0.062024005,0.07158156,48,0.05807287553683765,0.02128281850032794,0.0219818115234375,0.06791697407071025,0.0744757424824926,35,0.15582771542114598,0.08063107914745629,0.032846769697607,0.1327162146146962,0.3205351287309352,50,0.6742930047218344,0.08248772188905187,0.4998332817714114,0.6677944429253295,0.8214148084693464
79897,CPJ,CHATEAU COMMUNITIES INC,118,0.011895762711864407,0.06353955144063064,-0.1552,0.005549999999999999,0.3867,119,541.4722592857144,328.608152519286,107.8125,738.062,906.2865,114,790.1643684210526,498.60579603621466,115.8,943.8915,1605.793,114,145.17386842105262,77.1882575534192,43.613,160.8985,269.727,114,18.638973684210526,12.400085730834471,5.648,15.8545,37.841,114,232.55921052631578,152.75934049054328,16.191,327.1495,375.62,114,0.5415087565789474,0.09878465376162783,0.40518826,0.505824835,0.72528934,114,0.015298825141210526,0.037227301778415524,3.831964e-05,0.00146401455,0.16547741,114,0.0872696850263158,0.026690050955444928,0.04505678,0.08048725500000001,0.13251176,112,0.15256136593980912,0.10543958372033038,0.0517894429340158,0.1124877944223487,0.4035575319622012,99,0.05706878923139192,0.13106077332447494,-0.3260026341256559,0.0796763326014012,0.2648380705369573,114,0.3690255662376969,0.23815054548504203,0.0929080902784844,0.3913273808378785,1.8828841707526265
79905,HGI,HORIZON GROUP INC,54,-0.004659259259259259,0.07398721082375445,-0.2206,-0.00175,0.1948,55,318.0768330909091,77.11064990504399,214.107,291.341,457.275,55,685.0242545454546,429.29935480756683,94.376,1000.779,1126.607,50,94.16456,53.229743965369344,24.712,93.929,157.475,50,1.9484599999999999,24.547628054673883,-52.401,9.253,28.185,53,255.2385283018868,119.6081396253558,0.924,337.462,390.927,55,0.4578867236,0.20621087924642817,0.11578943,0.49443114,0.95354754,55,0.02214765390909091,0.03667111170628981,0.0018018705,0.011826224,0.16357853,50,0.05163952638,0.02960794214169259,0.025488924,0.040130198,0.11689125,48,0.022203084118563674,0.06609318925241173,-0.0749530753185794,0.0330379034456112,0.0976896049016117,35,0.36102791680640134,0.1995506666313034,0.0882072091973823,0.3175975831944878,0.7185915333753624,53,0.7984928942343206,0.3693488011263426,0.0035449565888446,0.8161295286324345,1.380901504803591
79919,SPK,SPIEKER PROPERTIES INC,91,0.01891868131868132,0.0524014098879196,-0.1058,0.0103,0.1896,92,1719.1777699999998,1084.4847427281773,379.95,1690.0753,4038.8916,90,2414.9502333333335,1559.6069839149877,499.729,1855.5765,4528.288,87,348.31796551724136,228.7537840793352,90.853,249.98,753.836,87,107.6811724137931,98.72206499317384,-12.047,92.658,333.464,87,840.3073103448277,529.3999011761208,177.166,821.23,1558.807,90,0.5206266823333334,0.1469333427113113,0.39804098,0.473252415,1.215717,90,0.012678284353333333,0.009756596428453534,0.0012117716,0.00942525525,0.03891263,87,0.06453294955172413,0.019445365480202693,0.01414926,0.071389236,0.0850428,85,0.06896180960383111,0.08219877516206553,-0.0699450407439737,0.0941223843071524,0.2121698763873654,72,0.1481546880136587,0.07853865451140499,-0.0845089277347881,0.15079450349844992,0.3241981094594565,87,0.4582028715013957,0.10282774549575466,0.2578259477222256,0.4597952625335564,0.6824370088555269
80075,CNT,CENTERPOINT PROPERTIES CORP,2,0.05715,0.061589000641348285,0.0136,0.05715,0.1007,3,102.50333333333333,6.21141671306421,98.2695,99.6065,109.634,3,50.49466666666666,6.733058839289413,42.72,54.382,54.382,3,10.234666666666667,3.327846951609003,6.392,12.156,12.156,3,-2.2496666666666667,0.9306886339336767,-2.787,-2.787,-1.175,0,,,,,,3,1.0116773,0.008693855823511155,1.0016385,1.0166967,1.0166967,3,0.12008478,0.04107177438971927,0.07265918,0.14379758,0.14379758,3,-0.0009779721333333337,0.007415118854409972,-0.005259093,-0.005259093,0.0075842696,0,,,,,,0,,,,,,0,,,,,
80084,GLR,G & L REALTY CORP,2,0.00665,0.07686250711497772,-0.0477,0.00665,0.061,3,43.13223666666667,23.43829465517134,28.87158,30.342,70.18313,2,205.126,0.0,205.126,205.126,205.126,2,56.19,0.0,56.19,56.19,56.19,2,4.832,0.0,4.832,4.832,4.832,2,41.136,0.0,41.136,41.136,41.136,2,0.77137464,0.0,0.77137464,0.77137464,0.77137464,2,0.045328237,0.0,0.045328237,0.045328237,0.045328237,2,0.05533672,0.0,0.05533672,0.05533672,0.05533672,2,0.0288244443329486,0.0,0.0288244443329486,0.0288244443329486,0.0288244443329486,2,0.22921515081593669,0.03232487888756219,0.2063580097535076,0.22921515081593669,0.2520722918783658,2,1.3902683730556271,0.04882403777819525,1.355744564857757,1.3902683730556271,1.4247921812534972
80090,CTA,CENTER TRUST INC,108,0.00592037037037037,0.10416080285883934,-0.3664,0.0075,0.312,109,191.03910565137613,57.545512166827585,96.677,177.354,315.89075,108,711.9164166666667,165.82626245585195,530.332,633.735,1008.167,105,101.90617142857143,27.21824409234236,59.2,93.966,146.834,105,3.7813714285714286,10.494073432049765,-14.117,0.688,33.14,108,190.2178611111111,38.07151280376765,109.54,194.46550000000002,261.273,108,0.6571729263888889,0.04043414406864521,0.57949424,0.65338761,0.7318157,108,0.011238698708333335,0.00679717081239079,0.0038153937,0.008892991999999999,0.031046644,93,0.032540850322580646,0.007212582728315749,0.018286988,0.032955732,0.04718486,103,0.004945204809564114,0.04453742398567866,-0.0352022840481108,-0.0106830437679002,0.1172829185878708,89,0.35496122046848916,0.20904271149647027,-0.050331604286199,0.2992277554783526,0.6564076186625641,108,1.0970891342377018,0.4148035823750196,0.4196862541279071,1.009554636947116,2.162081009767258
80092,IAC,IRVINE APARTMENT COMMUNITIES INC,65,0.016404615384615386,0.0582849584765691,-0.1056,0.017,0.2083,66,410.56964015151516,178.59248323064355,171.875,378.97781,680.94,65,937.5907384615384,198.5942747156935,731.701,861.762,1374.624,62,156.1538548387097,29.778949335112063,124.82,146.47,220.837,62,24.79332258064516,12.752810657448329,7.273,23.561,53.138,65,148.91427692307693,53.713442331304414,75.048,155.433,212.444,65,0.6611169924615384,0.048535580504627904,0.55720204,0.66441196,0.75881827,65,0.016888219510769232,0.017554930581780315,0.0021536977,0.00653165,0.062120173,62,0.05950020809677419,0.02371860113728376,0.0140940305,0.06574666,0.08328173,60,0.07481129790094522,0.04375685660006145,0.0013131151659092,0.0889630961554927,0.1251849042290916,46,0.3248305264824501,0.09642076207357529,0.1467293345155859,0.30230015924293135,0.4581202325178173,65,0.37713788984259033,0.0668310907591635,0.2362786195072683,0.3707552614481442,0.4934745684810084
80100,SPG,SIMON PROPERTY GROUP INC NEW,372,0.013378763440860215,0.07925191167830756,-0.5543,0.0157,0.4896,373,26389.53518485255,20657.55675185728,854.09375,21350.941,72555.17,373,21946.139327077748,10472.300866410946,1483.432,23743.59,34827.855,373,3620.730530831099,1893.635075825182,401.346,3811.232,6121.038,373,911.6219973190349,808.0688830292652,-11.692,496.535,2570.123,369,3054.4984715447154,1476.2810022875142,29.521,2980.008,6032.941,373,0.7215649961126006,0.075648656714301,0.5940494,0.7160388,1.1539309,373,0.031057791228150135,0.02749521646384079,0.0067900103,0.023328993,0.15252341,373,0.08094328708847186,0.02125933923367814,0.044052497,0.07527151,0.12369738,367,0.31045709214881445,0.24078969293769392,0.0621459647834702,0.2225589131261457,0.8460558024265914,353,0.684644676243146,0.5324603619973733,-0.0079139000783973,0.4656124317354688,1.6110796942324994,369,0.19431641959909718,0.16828064841429335,0.0229023185841208,0.123806125440801,0.7335500042540875
80102,SUI,SUN COMMUNITIES INC,372,0.01224704301075269,0.06908772552867773,-0.2719,0.0141,0.3413,373,4359.2568945844505,6304.192174584386,120.0255,709.87994,24353.371,369,3786.023699186992,4821.949687295185,157.462,1319.745,17605.3,369,632.1986747967479,835.4497663143933,14.421,243.184,3266.6,369,39.46810569105691,90.0753001947911,-213.3,18.6,380.152,330,1705.4673363636364,2430.524165641817,5.423,335.10699999999997,8150.6,369,0.6041495630894309,0.2378305333267142,0.23289372,0.50888073,1.0820923,369,0.013815062720325203,0.02128504889209939,0.0003721886,0.0056683654,0.1518933,369,0.05072551247154471,0.010367942884074242,0.024526553,0.05013873,0.074304946,367,0.014964470321163131,0.19575794566069366,-0.7907540267021428,0.0388925072773915,0.5752646872181958,353,0.45955554221829137,0.48893766674243616,-0.0609417029052025,0.3257799827961578,1.5074231786152863,330,0.3827459817866074,0.17238509410448158,0.0046305449801215,0.3650006499312234,0.8550056575386303
80174,FAD,FRANKLIN ADVANTAGE RL EST INC FD,27,0.004040740740740741,0.05272834779289657,-0.1154,0.0,0.097,28,18.264638392857144,1.2728727519335914,15.886125,18.0435,20.78925,25,31.77252,0.9925129772451334,30.58,32.633,32.767,25,3.9643200000000003,0.35937036605708045,3.557,3.926,4.572,25,1.61404,0.309195795572967,1.239,1.555,2.142,25,26.93456,0.32025823955052535,26.604,26.741,27.585,25,0.1311474228,0.032510160052492756,0.09722984,0.16150396,0.16187325,25,0.040108638519999996,0.011365084373920337,0.024557866,0.038488645,0.05617724,25,0.062431219919999996,0.005368781403743071,0.05559174,0.062001307,0.069733344,11,0.046333345798586396,0.0,0.0463333457985864,0.0463333457985864,0.0463333457985864,8,-0.06006325827045837,0.09497888803429912,-0.2387330227871673,-0.06972357300614945,0.0721924302708717,25,1.4886829814010563,0.09020054541427307,1.326887650322771,1.482029496594439,1.6810895907208112
80175,FIN,FRANKLIN REAL ESTATE INCOME FUND,27,0.015118518518518519,0.06535264126871783,-0.0698,0.0,0.1733,28,22.6554685,1.8584979847782799,18.35575,22.67475,25.914,25,38.08324,0.5575385098807105,36.676,38.23,38.482,25,4.36516,0.2893184059129322,3.831,4.48,4.709,25,1.5168000000000001,0.20176099722196056,1.072,1.599,1.716,25,35.5758,0.22640836998662725,35.142,35.502,35.977,25,0.045448745199999994,0.017131712619095758,0.0,0.05145484,0.052042674,25,0.0311423594,0.006848808409778119,0.019801466,0.031444233,0.041896712,25,0.054885787559999996,0.01611509214128494,0.02785718,0.064802915,0.072539955,11,0.0441101909751563,0.0,0.0441101909751563,0.0441101909751563,0.0441101909751563,8,0.5628855779931905,0.05853669922730519,0.4783406582558464,0.5685815935592499,0.6437970935869144,25,1.587101830139403,0.14780918492366557,1.356100883345513,1.5641186607689823,1.9456573935635588
80176,FSN,FRANKLIN SELECT REALTY TRUST,73,0.01756849315068493,0.07302294326806613,-0.2059,0.0109,0.297,74,58.07106985135135,27.71435140567926,18.79875,72.91843750000001,92.640625,71,97.50445070422535,44.35755839757148,45.823,114.49,150.097,71,12.63230985915493,5.235764702209353,4.816,14.177,18.517,71,3.3059014084507043,1.257825733500126,1.223,3.99,5.055,71,74.45494366197184,24.474907243885127,44.895,93.892,97.764,71,0.11391782345070421,0.11042493484509296,0.0,0.058395,0.28306362,71,0.04061629376056338,0.02314973228719428,0.0093806945,0.02916504,0.1186945,71,0.05614457556338028,0.014292664806619795,0.025106454,0.062215563,0.070652135,57,0.038728765730224685,0.008451668820776533,0.0288639774031247,0.0393883273152411,0.0534914974444714,54,-0.18665252884068395,0.159026739167436,-0.7551886883449418,-0.1322193998210837,0.0122265394127898,71,1.431794942412484,0.4458471345688678,0.5938710934684449,1.2970208025644467,2.229658819686004
80182,JPR,J P REALTY INC,101,0.01224059405940594,0.056511530112390025,-0.1161,0.0176,0.16,102,345.475977254902,62.729416987152696,248.08125,339.76275,477.02026,102,533.2337647058823,212.62289415012617,234.958,516.716,795.772,99,93.5949696969697,35.67885290535459,47.49,82.973,144.356,99,21.502878787878785,6.649759726014855,3.608,23.898,27.95,96,174.27384375,27.86133088683768,124.835,173.2745,209.947,102,0.5155494452941177,0.15975079453099447,0.3171307,0.5191727749999999,0.99711186,102,0.026945352676470587,0.0384052807653402,0.0016512767,0.0101369765,0.13637556,99,0.08176718203030303,0.01669984381432612,0.05835539,0.07863368,0.113325804,85,0.12355516248179886,0.024095790558782002,0.0732720447046468,0.1354342937944783,0.1682531483667847,82,0.04356528514173658,0.23722878041872425,-0.5153822747869011,0.1646847803377783,0.3102604116629112,96,0.5089875594216599,0.0908021059732519,0.3570507924225851,0.4945623224205056,0.7420252367478819
80183,MAA,MID AMERICA APT COMMUNITIES INC,371,0.011765229110512131,0.05858624092357758,-0.2703,0.0136,0.2198,372,5302.635290806452,6632.065700131258,153.25874,1460.7286,26417.264,369,4488.961853658537,4313.368318950595,104.439,1921.955,11604.491,369,702.0746178861789,655.3539474306232,26.295,372.29,2211.67,369,134.79532520325202,180.81865806528324,2.409,29.997,662.544,366,2096.120147540984,2448.4574982723743,81.923,476.031,6360.427,369,0.5579421779674797,0.12106308282864635,0.3851767,0.55138475,1.011059,369,0.01433723770894309,0.010445794480824807,0.0024790848,0.012089193,0.079149164,369,0.06518692381300813,0.012673334045928178,0.037516225,0.06360822,0.10083731,355,0.06391566720051325,0.023259269434552993,0.0243292499257792,0.0573979321238257,0.1151170830543557,352,0.41379816304990713,0.2731076968161378,-0.3926614475358107,0.37425003085911024,0.8822302078114617,366,0.4983507353150798,0.2593709688374196,0.1485629073608852,0.43524412450004424,1.2577703527347806
80209,PAG,PACIFIC GULF PROPERTIES INC,89,0.01221573033707865,0.05282115816360558,-0.1374,0.0136,0.1562,90,255.98950585555556,172.4425103192062,59.785625,235.19113,583.0399,90,506.5457333333334,304.5481537153586,99.983,385.735,917.177,88,70.86332954545455,41.156267302155506,16.152,57.919,133.986,88,30.749511363636362,55.32686432508033,-12.036,8.403,259.343,90,219.49618888888887,155.00937435522286,9.5,167.481,430.903,90,0.5541862352222222,0.12479502920586275,0.29959038,0.507978,0.8875509,90,0.016798122213333332,0.03410911663159181,0.0014090051,0.0075237853,0.21891706,88,0.04818926358522728,0.05055571352817311,0.0130722225,0.0320527,0.27694464,74,0.1162335432782421,0.2969318186126466,-0.011741462037821,0.0931840332068909,1.8490261151850675,70,0.43541520924229027,0.1422650369123791,0.2389705848900825,0.4151018857852147,0.8968051568805949,90,0.9074690066726376,0.55747463524073,0.13308817091323,0.8751171523589526,3.5726808172678006
80210,RYN,RAYONIER INC NEW,251,0.008940239043824702,0.06947106170444374,-0.3014,0.0106,0.278,252,4064.148011904762,1178.2949817576946,1929.798,3778.02395,7488.465,252,2709.8008095238097,665.1295282449678,1834.52,2632.0775000000003,3959.269,252,1029.7527857142857,266.1083604769207,539.412,1097.979,1707.822,252,152.75225,77.19174214946004,22.078,154.193,343.573,252,1344.687511904762,326.9911938939805,812.31,1386.0720000000001,1933.14,252,0.3597229138095238,0.03916540397304926,0.29258853,0.35912972,0.43554723,252,0.057087626291666665,0.035338905027830755,0.0083202375,0.047152517500000005,0.16958281,252,0.12104390563095238,0.044158540734402583,0.047727846,0.12910087,0.23668732,252,0.13281894441050746,0.07229503163534823,0.025157778837589,0.1501632887270563,0.2726743709245982,252,0.7516899004930745,0.1312860055592273,0.4199216108052451,0.7473163539389083,1.0494527317341231,252,0.3424585083963304,0.07533905187605064,0.1906078793090866,0.33936430745295987,0.5271832844165536
80212,SMT,SUMMIT PROPERTIES INC,132,0.010802272727272726,0.05217867053612442,-0.1195,0.00695,0.1667,133,523.7721962406015,182.32797132151774,205.062,510.04987,1024.533,131,982.1892748091603,381.63821693447306,297.67,1196.601,1532.887,131,125.6736717557252,44.50329535947833,53.442,128.914,194.49,131,27.304595419847328,22.69310234504635,-6.686,27.08,65.417,128,297.4650078125,101.72322510705723,113.182,327.335,558.356,131,0.5699495171755725,0.08298585765839513,0.4624027,0.56117505,1.0610642,131,0.020006304065648853,0.017271272300756254,0.0019629628,0.013322888,0.07910307,131,0.05078624633587787,0.01126913492964312,0.02926731,0.051360816,0.06779047,117,0.12936982165981187,0.05670656463138881,0.0353085143873926,0.1397497976079551,0.2310231355731484,113,0.19062878059154958,0.13504891332855168,-0.0028084747633588,0.1812096386507138,0.4040769726580336,128,0.5581261273206477,0.08429478979074466,0.3045150437582459,0.5556190626510702,0.7601798357598178
80213,WDN,WALDEN RESIDENTIAL PPTYS INC,72,0.010501388888888888,0.056659030813204926,-0.1361,0.00625,0.1678,73,348.10549794520546,124.52822398436729,149.74,362.66312,591.0227,73,789.4282602739726,521.3066474781056,121.889,601.119,1570.347,71,133.86419718309858,90.17707730501611,30.012,104.834,283.577,71,15.00469014084507,10.159256251730735,-4.743,16.439,32.189,68,301.85583823529413,130.17096556401876,131.235,252.41,560.999,73,0.518043915479452,0.20042769081891443,0.19497502,0.49394065,1.208657,73,0.025539246965753423,0.013833082649311731,0.012796433,0.019880524,0.05895378,71,0.04255311722535211,0.022565824026846808,0.008398594,0.051619165,0.07580964,57,0.04431945363545945,0.007906545645570688,0.03313845021121,0.0435687316035987,0.0571467615485451,53,0.23380837906970806,0.10437814776741665,-0.0269826205630008,0.2401328304007947,0.4159458034825931,68,0.8211984783847415,0.1658027780226094,0.552617557746376,0.8028554269164166,1.2470586185579264
80241,ENNS,EQUITY INNS INC,163,0.013174233128834357,0.07187927600932226,-0.2157,0.0022,0.2525,164,405.4618198536586,262.96272915386805,66.36375,319.68674999999996,1243.2322,162,667.1315740740741,312.2233404521764,39.663,780.8934999999999,1175.009,162,155.1538888888889,116.09416039042519,5.609,116.72550000000001,399.28,162,13.678962962962965,12.116953643598057,-10.692,12.483,33.639,162,268.71435185185186,94.75586554226733,33.618,302.055,375.147,162,0.4043453135044444,0.1336694194384254,0.0,0.45669487,0.5775734,162,0.006783873046666667,0.0061341451528787085,9.590286e-05,0.00718102885,0.029526457,162,0.06961204962962964,0.01519879228960587,0.034169845,0.07259913,0.09434437,148,0.04499228207879018,0.0356299991832241,-0.0501682169008509,0.0518670882057923,0.0871552546936118,144,0.45579874259337394,0.24892572868578905,-0.156343259535395,0.5396596468077208,0.7648723768496118,162,0.7802542370605396,0.34123739787897545,0.2343423849389741,0.728125813134947,1.5294107146509508
80356,PRT,PRIME RETAIL INC,76,-0.021371052631578947,0.09777165890078027,-0.5889,-0.001,0.0977,77,186.04164554545454,147.91275141526876,32.34375,160.86,508.57217,76,936.3881052631579,671.5441473351117,190.685,666.803,2001.827,76,128.12117105263158,90.95599272870196,21.8,89.04,306.104,76,9.880039473684212,14.92887580624948,-52.328,11.867,37.064,73,257.2644794520548,192.4259987792645,11.559,158.016,636.776,76,0.6310830930263158,0.10491326276384691,0.4242021,0.6259927,0.96513623,76,0.011812202121447369,0.012106828973026531,0.0001673031,0.007048352,0.0436223,76,0.05858959578947369,0.016618109471669574,0.027097072,0.060515434,0.085606486,62,0.06509719936653294,0.054219887837023036,-0.0701368947171285,0.0579269607209071,0.1496816073679268,57,0.5438689386605747,0.1720505025412668,0.2842316633003978,0.5264410042450749,0.7916407427815134,73,2.1728257897153647,1.7166588394959146,0.0544605667805209,1.651630069628525,9.369614400207372
80364,SHUR,SHURGARD STORAGE CENTERS INC,148,0.014297972972972972,0.04954106036945391,-0.1654,0.0129,0.1932,149,1090.4481312751677,684.8936558571928,323.95825,784.0297,3136.5405,136,1424.3606323529411,763.4906549527086,494.59,1223.926,3023.38,136,222.2068676470588,116.240256190473,67.666,189.064,500.43,136,35.40138970588235,12.492927266122784,-0.867,37.638,54.909,136,575.1609117647059,121.40359240425637,316.845,550.077,834.42,136,0.40705316558823534,0.11081126746850391,0.22092699,0.39141148,0.64281696,136,0.016289435453676473,0.00852729655172221,0.0049078455,0.014941056,0.048943672,136,0.06871848534558823,0.016715018720653275,0.03518215,0.07327641,0.11222909,134,0.07172156911278242,0.01728545629893805,0.0174231023851971,0.0680604654588304,0.0966799781040937,129,0.2590270787873904,0.07743035185045256,0.0646236344705936,0.2409379375817122,0.5107997334166297,136,0.5870168550517525,0.17307532566784342,0.2133533551277891,0.6151240062519878,0.8460434272252185
80381,BYA,BAY APARTMENT COMMUNITIES INC,369,0.012063956639566395,0.0625601300016568,-0.2693,0.0145,0.2072,370,12530.15943791892,10542.889254590787,207.542,8961.1715,35297.18,369,9791.85637398374,7009.504587425365,165.367,7273.442,21037.03,369,1160.8554390243903,860.171371577766,24.809,855.032,2860.548,369,371.0676910569106,381.71062910808365,-0.484,175.686,1250.865,366,5306.946057377049,4076.4127222913744,191.747,3117.9605,11815.488,369,0.4349997287804878,0.07434528614437474,0.3156415,0.40834948,1.0207357,369,0.025299902130081302,0.02927502529648844,0.0008555622,0.016538654,0.24942935,369,0.0563717208,0.013585785684043169,0.0045595556,0.059021834,0.07654817,355,0.08073647216224508,0.027407796659618268,0.0344161455950383,0.0791162500962648,0.1410943506986019,350,0.5611669351751234,0.33850819257684434,0.092759438688832,0.4682330352044406,1.2035950064752778,366,0.5220600195282596,0.20505618865506312,0.2258023588449352,0.44511723609612397,1.1160113173834614
80395,JDN,J D N REALTY CORP,107,0.0073046728971962625,0.0682292326316602,-0.3435,0.0027,0.1942,108,402.17605453703703,177.4385085113782,139.3235,385.79513,743.6555,107,690.9125607476635,377.6779451490428,67.393,730.562,1116.795,107,64.41566355140186,35.37226755016494,10.573,57.702,115.538,107,20.267299065420563,21.45139468053079,-29.855,18.567,55.178,104,343.5582115384615,152.30312784857597,116.938,435.802,530.961,107,0.46937171439252334,0.11558682291624936,0.2567946,0.4611496,1.0177021,107,0.014648807017943926,0.02332920995143877,0.0,0.0053269626,0.120736085,107,0.04729932826168224,0.025087838206743814,-0.0135028865,0.055251807,0.07668876,93,0.057760559865653524,0.030935833150037093,-0.0089880500284004,0.0671121223107022,0.1028500859814388,88,0.1765201231258038,0.13730863703447385,-0.1365775722603601,0.18626648534989115,0.545254736736889,104,0.8617970035159015,0.30850587400215007,0.4119720461811051,0.7710705228125997,1.5146394019180385
80399,MAC,MACERICH CO,369,0.014924390243902439,0.14615640874263078,-0.7243,0.0127,1.8003,370,4164.543046432432,3518.733518024433,237.5,3343.12855,13584.936,369,6241.376699186992,3432.2338316812957,314.591,7513.512,13360.376,369,712.6666097560975,357.5694892742871,72.335,830.662,1334.504,369,128.31081300813008,308.88701957744206,-342.06,67.294,1505.835,366,1900.8946721311474,1433.2135771220483,76.339,1478.3885,5640.12,369,0.6251130690243902,0.09247763066785132,0.4562541,0.64205295,1.1850848,369,0.021182989932520324,0.017797721476675937,0.0003359696,0.016044652,0.11904007,369,0.045888812951219514,0.01708904232421772,0.013170783,0.041459423,0.09058417,355,0.08705569941776103,0.07812123565127455,-0.1119994932611911,0.0890049344943006,0.2657819337177223,350,1.1309605084478471,0.9590296420636224,0.0619084772964516,0.6243864844479938,2.923953442526102,366,0.5493501013462749,0.4394041623263436,0.1580750711156868,0.40225231659955074,3.4031473360300577
80408,SUS,STORAGE USA INC,96,0.013515625000000002,0.05441276229578768,-0.1048,0.0124,0.1877,97,779.701143814433,276.4743738994137,157.40675,836.00214,1241.0712,96,1097.60440625,631.8807861376115,55.253,1165.828,1778.919,96,157.19375,100.13020405304918,11.189,155.68849999999998,297.834,96,44.611406249999995,22.5037703631978,0.449,59.925,65.261,93,546.9243225806451,190.89871184183795,110.307,654.869,704.906,96,0.33660658028124996,0.23128951143722257,0.014641974,0.384981485,1.190035,96,0.01900112159875,0.05581667892374292,0.0,0.00405488325,0.29663387,96,0.059555769437499996,0.01544324504567664,0.025138907,0.060954556,0.08118235,82,0.08081176187225839,0.015437732287119693,0.046841074085853,0.0864629471098373,0.0954340049099359,77,0.16404025868386904,0.17508318237338596,-0.1171332176235649,0.2487192941982278,0.3867764895646567,93,0.6715375081188956,0.13872119594607482,0.3096746775312374,0.6596514046402856,0.922254210656568
80412,ADC,AGREE REALTY CORP,368,0.01206711956521739,0.07142464965301902,-0.3189,0.016050000000000002,0.3945,369,1208.1034189186992,1936.9978943750446,38.58075,235.7526,7950.567,369,1223.3815772357725,2042.0759802060888,88.887,257.022,8000.838,369,92.70117073170732,131.97012098585952,13.166,33.611,583.006,369,34.428943089430895,45.429656109922,-0.023,14.192,187.06,363,768.0775702479339,1338.357017064581,24.252,136.302,5069.281,369,0.44417658626016265,0.15017316236991074,0.25582924,0.39147598,1.0313463,369,0.007789279627723578,0.009322555717261975,9.155114e-05,0.0040719532,0.03953827,369,0.06724441984552845,0.019204539511442315,0.013853413,0.066554025,0.09651986,355,0.09206100435080602,0.04160413735406767,0.0099224112205311,0.0949677982752974,0.166695171312924,349,0.4808120897993669,0.3355115950594283,-0.0908077354767853,0.3800523456284542,1.4307875755624928,363,0.6108971306026457,0.14160356154951875,0.2644655406842508,0.6032030200535333,1.4531379429874487
80417,CEI,CRESCENT REAL ESTATE EQUITIES CO,159,0.012070440251572325,0.06614421772470025,-0.217,0.0094,0.2648,160,1952.8845655624998,894.330433557907,360.75638,1980.0952,4431.8926,160,3460.361625,1627.181465510355,284.722,4191.256,5226.75,160,648.7214875,351.20158939381537,55.552,792.849,1080.183,160,66.04770625,78.84258416279,-53.024,30.584,252.05,160,1062.66059375,622.8788382666459,2.941,866.804,2227.875,160,0.5116434184374999,0.1387651311734604,0.01577753,0.5249767,0.98503804,160,0.038148040037500004,0.01695545893360208,0.0206325,0.034099903,0.09188547,160,0.043426814090625,0.01992283049647127,-0.033623703,0.045049977,0.08661914,146,0.07059796832505628,0.05727208689714036,-0.0038633762873774,0.053401944280229,0.192330405789397,140,0.4036016998412355,0.20305161622126308,0.0142369371787284,0.34233624692342474,0.7884743660499443,160,0.5259720861777467,0.20805392814061166,0.0069827854743132,0.5214152385060197,1.0301979975585764
80418,EJD,DEBARTOLO REALTY CORP,27,0.01119259259259259,0.050330109706019345,-0.0776,0.0097,0.1781,28,734.8829196428571,72.3825524019397,650.9078,711.74023,900.20123,28,1585.1394642857142,35.34072524930432,1531.994,1580.261,1645.08,28,329.49628571428576,12.093392156102022,308.651,332.611,352.445,28,17.739214285714286,14.410308577047,-9.762,23.845,32.178,22,26.30340909090909,13.254754455734673,7.593,27.673,42.655,28,0.913433325,0.043625835208725115,0.8676908,0.89814544,0.99395484,28,0.02604319792142857,0.014456859772080345,0.0060299374,0.0281086,0.056659255,28,0.059365520571428576,0.024998075112998428,0.03179967,0.065269426,0.0883748,14,0.9055640616953761,0.06351405082692324,0.7556462978354354,0.9305503556720328,0.9305503556720328,8,0.10050747304353144,0.1060466637631527,-0.0294789804790191,0.1280380114208713,0.2281537756713784,22,0.03591064474083832,0.019219679271445907,0.0098162506397274,0.03083298008876325,0.0655315577042935
80424,MLS,MILLS CORP,155,0.010647741935483871,0.0781958524620752,-0.2917,0.006,0.2252,156,1048.6902857051282,910.0865536670627,278.949,571.6965,3651.0369,147,1939.1093469387756,1791.695281579832,733.108,1039.467,6788.6,147,275.3924897959184,197.7411940999832,129.122,196.972,784.0,147,45.58379591836735,48.3695598703767,-11.563,29.027,189.9,141,184.9499574468085,167.47193911142557,27.988,95.295,544.273,147,0.760731825510204,0.10034528916176229,0.535281,0.7703641,1.0414305,147,0.026155121163265307,0.01651543611490667,0.012962341,0.022654135,0.12556271,147,0.07758035159183674,0.028912185520587646,0.021811355,0.07542453,0.13715039,132,0.27234420316219854,0.19418053232563087,-0.0334540112282911,0.2195782509820136,0.7180706805190471,136,0.3247115395572952,0.16992479704759014,-0.1133487951238225,0.37911768434864884,0.5072975095932806,141,0.17942932879662407,0.07459557939538604,0.0371497920267765,0.1697865074659017,0.395538249230048
80495,JAMS,JAMESON INNS INC,120,0.0023933333333333346,0.09069654615581477,-0.2303,0.0144,0.2851,121,65.14120009917356,31.697549339559828,22.449,72.23563,121.6,120,184.57304166666665,131.7887433157557,23.073,140.497,352.305,120,22.6895,16.031390669243766,3.973,14.167,46.487,120,3.4778000000000002,4.041270531142695,-3.728,2.819,11.092,120,70.111375,40.59787567590216,1.279,75.61,135.45,120,0.4512370591916667,0.2204669041612442,0.037133228,0.50592435,0.8285442,120,0.011319440154666667,0.009914448060163712,0.0,0.00904079,0.046916235,120,0.07753545343333333,0.021453187343851512,0.045984484,0.0719709625,0.11626481,104,0.0511881727102296,0.03526637733576584,-0.029752498763948,0.060102830801962,0.0814562839018111,101,0.34355882860853443,0.16373163075241137,0.0674337157912566,0.3297434214788994,0.958413281857738,120,1.2116788833438037,0.8850338027710601,0.0421632149489531,0.821223215837118,3.958532587113465
80584,WXH,WINSTON HOTELS INC,157,0.011475796178343949,0.07258708156703732,-0.2045,0.0084,0.2624,158,195.99731438607594,87.97916049907614,63.515625,172.1356,442.10745,158,330.0356265822785,143.4161138180385,38.752,385.625,607.74,158,72.15046835443037,50.081388373552095,11.649,57.583,184.172,158,11.728835443037974,5.671747816818841,0.521,12.879,20.367,153,170.90707843137255,58.46840353328152,46.815,190.023,257.675,158,0.36665818120822785,0.1680928194050959,0.0,0.3963392,1.0057725,158,0.011616546739386077,0.014398328256417901,1.1999731e-05,0.0058740554,0.061446495,158,0.0817826350443038,0.0208880472017648,0.015870148,0.08740884,0.11042423,145,0.06429198898043008,0.02921371472560873,0.0046378898115535,0.0757728274765207,0.1251255155793799,138,0.5711584682862956,0.17523455159511844,0.1719705626358367,0.6270980495466462,0.8011193677208011,153,0.9285090966374081,0.3612569736769675,0.3742512273845189,0.8259642285493146,1.6353998362806128
80591,BCN,BEACON PROPERTIES CORP,42,0.029895238095238096,0.06557089238366905,-0.0819,0.0217,0.2726,43,868.2876939534884,733.2887436053798,185.61176,529.96124,2536.8672,43,773.127511627907,641.9968493249855,83.828,507.629,2386.421,43,118.23011627906976,59.11321582321796,66.787,91.365,277.075,43,20.362581395348837,21.328399500411873,-5.311,15.323,80.015,38,438.32897368421055,383.389258021033,102.038,260.679,1415.352,43,0.47513015162790695,0.24440396757736288,0.30862242,0.400807,1.1462518,43,0.040235992,0.020918003146284118,0.009777801,0.04825626,0.07412421,43,0.03872785218604651,0.03669424866572695,-0.021544615,0.057948813,0.0696709,30,0.09461249595041361,0.04649767062468296,0.0363629084722013,0.0697776850499571,0.1485721005899763,23,0.15557578606203193,0.17885014382356312,-0.0581282214044191,0.1118294467210916,0.5860783420375624,38,0.45041191151369253,0.0923273539616171,0.2576997747025479,0.45347779973343505,0.6076529995699188
80677,CCT,CAPSTONE CAPITAL TRUST INC,51,0.010866666666666667,0.03943496249100114,-0.1149,0.0044,0.0942,52,258.0930767307692,148.9025987053424,93.4375,214.439065,537.5494,42,381.4942857142857,193.48450432204032,166.364,321.0535,771.17,36,37.43725,14.175763067140839,18.983,34.5635,66.505,36,18.32225,7.795754582280209,9.3,17.5865,32.828,42,218.16642857142855,117.35413700422735,98.034,175.8565,488.139,42,0.4171968692857143,0.07368260514515944,0.30666256,0.421183665,0.55976903,42,0.004307147371428571,0.004474263955603293,0.0013630161,0.0025340756500000002,0.0149697885,30,0.0575611185,0.004314882586986112,0.04923629,0.0581277125,0.06286884,28,0.07005013196433083,0.00949552127305802,0.0592865823496003,0.0775891250033581,0.0783006838993856,32,0.2718313139099828,0.12723133176463644,0.1253415955754888,0.2409550880630532,0.6564967432006297,42,0.7505990305795981,0.15821628539904833,0.4782087856588639,0.7216560700595505,1.1303824955659811
80681,ESS,ESSEX PROPERTY TRUST INC,366,0.013125409836065572,0.06157345704802736,-0.2154,0.01405,0.2081,367,7042.072716416894,7173.678959533886,94.90938,3049.7107,22925.947,367,5604.775591280654,5045.073480524034,171.287,3164.823,13450.841,367,682.8280871934605,598.2668071943278,30.429,425.086,1763.816,367,162.15898365122615,186.48223781452,-0.033,48.232,635.434,367,2455.742220708447,2567.8810831151013,7.473,844.801,6368.773,367,0.5041765644686649,0.08072850879127647,0.31436792,0.48974198,0.8903244,367,0.015042343220163488,0.012364542348893327,0.0020500931,0.011929521,0.112420715,367,0.06039482664850136,0.011423115840833694,0.029184936,0.05902646,0.09348663,355,0.08024375496079351,0.03532655855023836,0.0205331318850709,0.0734895240578169,0.1510979749594286,347,0.4646799353672615,0.26141902950055895,-0.0006517609242145,0.445431607953352,0.8647941132390738,367,0.39683211660102724,0.15742926333869176,0.0500238475092071,0.3798005688411804,0.9166218005045932
80683,FR,FIRST INDUSTRIAL REALTY TR INC,366,0.011248360655737706,0.09471529268570132,-0.6395,0.01375,0.5388,367,2403.2450889645775,2106.416262863848,97.89637,1556.4421,8625.197,367,2817.857632152589,1000.6304233815515,189.789,2706.68,5205.962,367,357.9235585831063,129.36488319472545,33.237,363.055,703.306,367,71.76897547683923,115.83039026959891,-126.096,37.937,391.554,363,1126.2301157024795,560.9170573010243,264.723,1029.647,2600.621,367,0.514488251852861,0.09014643057326208,0.39066133,0.50295645,1.1589555,367,0.016537935527956404,0.017149397223551008,0.00031487443,0.01183206,0.14359973,367,0.05022872527247956,0.016587822808799994,0.012585836,0.05229217,0.08734499,355,0.07553923050240474,0.07511354110613955,-0.2394925833473062,0.0976542582370003,0.1678188239445232,347,0.792103170770428,0.6712283382603508,-0.0013021143722433,0.6065739303032806,2.312120111169407,363,0.7745889031848386,0.904260965690542,0.2262567228257397,0.5201585807161812,9.56595159793487
80684,FFA,FRANCHISE FINANCE CORP AMERICA,85,0.010444705882352941,0.055477699307453075,-0.1019,0.0092,0.1738,86,1091.05384,210.13936619971767,689.2984,1134.4274500000001,1442.7981,86,1160.8483720930233,435.5223434214043,570.422,1052.3315,1800.527,86,146.4716395348837,49.6004704325207,93.117,129.2505,232.495,86,82.26475581395349,40.67215597517647,25.856,72.93700000000001,157.469,86,652.4130581395349,173.88734985456438,490.538,537.383,928.044,86,0.3621905910232558,0.14934677608381772,0.017667137,0.4279636,0.52566236,86,0.015675669608139535,0.02325780653432383,0.0014249947,0.0062796944,0.08655827,86,0.08223160287209302,0.03301600009110752,-0.07677928,0.08711038,0.12410899,74,0.12255599876976803,0.03655853827199896,0.050388343282624,0.1383592062498738,0.1645880181312747,66,0.20188958612703337,0.094352772627979,-0.0350065442812844,0.2302312140814182,0.4174360618750518,86,0.5986340007183465,0.10144453823052249,0.4119019080574994,0.6001644696897533,0.8047431328685107
80688,HIW,HIGHWOODS PROPERTIES INC,366,0.008791803278688524,0.07047116996079596,-0.302,0.01095,0.3027,367,2508.187068692098,1408.2149436812635,169.61075,2147.3267,5427.6294,367,3572.4409836512264,1403.9964811028021,58.248,3539.583,6070.013,367,515.8323215258855,208.1168073812862,13.45,515.254,845.196,367,97.28756675749318,79.11086946572681,-0.155,70.019,347.402,363,1397.2074462809917,625.1035269629668,134.151,1228.195,2474.963,367,0.4864678259945504,0.10092782916751027,0.2201029,0.49742123,1.1039006,367,0.014142058096185284,0.025180426080156627,0.0010988156,0.007881674,0.23357078,367,0.06163071130790191,0.010883593994658984,0.020177577,0.062977746,0.080043964,355,0.07939845744974919,0.040599529086691864,0.031417098514287,0.0683496811918137,0.2487811011964781,347,0.644292382547349,0.32455532278925797,0.0297746847463442,0.7302747027518425,1.1203036866248437,363,0.619368094473722,0.23396546250358438,0.3056965481588414,0.5266952206180304,1.2917650328321648
80692,MAL,MALAN REALTY INVESTORS INC,121,0.0003917355371900833,0.06502634541319499,-0.1866,0.004,0.2523,122,50.905315663934424,19.406163937334146,18.9477,51.52989,89.20013,122,212.12609016393444,48.16550539769041,31.452,221.411,258.752,106,34.822650943396226,10.64875082684524,6.679,35.934,45.672,106,-0.3519433962264151,5.404373699373479,-18.124,0.849,5.453,118,37.457347457627115,10.508758832254207,12.685,37.495,53.906,122,0.7839345643442622,0.08369333411883378,0.6273156,0.77942278,1.1361439,122,0.03498274822950819,0.028591399354469152,0.01003436,0.025657242,0.14148538,106,0.031834807688679245,0.014126754150409478,-0.008152933,0.03165122,0.07394586,96,-0.04745046456327174,0.22748885047154666,-0.6425809691187547,0.02646551236558755,0.0984705458093803,102,0.16605341859365166,0.21685901231843305,-0.0378241514679064,0.1109946296736482,1.1240315289173566,118,0.8009511921462732,0.21941069020040507,0.3798482437157406,0.7698043801818943,1.4234723865897967
80695,SRW,SMITH CHARLES E RESDNTL RLTY INC,88,0.013474999999999999,0.04420044273455906,-0.0786,0.0102,0.1628,89,524.0408473033708,309.1708421943018,197.181,493.12,1343.9392,89,980.4174943820226,590.7020106572566,357.861,679.468,2221.206,89,233.07243820224718,82.77426144490192,144.294,195.702,432.224,89,39.83508988764045,40.64184985350145,-5.576,22.087,117.416,67,128.17840298507463,107.86510815015316,4.455,114.73,387.669,89,0.8250557486516853,0.23259511214837011,0.5685919,0.8122736,1.5412409,89,0.022300478833707865,0.020225685141578527,0.0031239882,0.018774858,0.08312594,89,0.09564160948314607,0.011768630668600231,0.06592184,0.09543088,0.13379034,77,-0.5579899723790421,1.6398795823424315,-4.292929292929293,0.3340833401023474,0.4144972679497442,69,0.056771021289715236,0.068793256942842,-0.0967242355340991,0.0584756430338725,0.1689761676914515,67,0.1671238742338732,0.09825996715138743,0.020726955155364,0.1883435385672849,0.3223790652630979
80711,AIV,APARTMENT INVESTMENT & MGMT CO,365,0.012753424657534247,0.08544630709519592,-0.5308,0.0139,0.3321,366,3298.4461090983605,2138.8689017186084,161.81438,3247.78125,8146.8813,357,6194.2432016806715,3150.6016304488803,413.256,6337.567,10606.532,357,885.5175966386555,499.7448045359941,28.234,994.934,1763.446,357,80.97560504201681,207.88125963338325,-237.083,43.522,923.209,357,1151.9386386554622,620.7915642050634,124.013,1130.277,2321.675,357,0.6193527494957983,0.10133966662439624,0.33909714,0.63037723,0.76223284,357,0.027447467690756303,0.028418740003089665,0.0047516595,0.015614462,0.16231258,357,0.04567213607478992,0.022109088319617803,-0.08184171,0.04869252,0.095265575,355,0.0956457581682069,0.17816010189834133,-0.4753183164975461,0.0762026257959091,0.5754861247704084,346,0.6893559492675558,0.5867134129184313,-0.0501652407135312,0.47341343507115446,1.9238262517101308,357,0.44415965154215326,0.3246244803419305,0.0505622085063541,0.4039441290373473,3.104649247136051
80723,HME,HOME PROPERTIES INC,254,0.012380708661417323,0.05975098641329218,-0.3013,0.01465,0.1889,255,1441.9810495882352,1148.1278547171023,91.26,1263.9847,4339.088,246,2520.584,1379.8053357296394,148.709,2826.602,4517.748,246,377.27960975609756,197.82250644582456,24.797,416.10699999999997,683.261,246,33.33098780487805,25.551343324003057,2.385,27.424500000000002,131.287,246,653.5465731707317,429.5217726608646,73.007,628.6585,1669.3,246,0.560470146097561,0.10580090921226727,0.32951826,0.550809875,0.72053534,246,0.022250637349999998,0.017051241111252,0.0075183357,0.019137874,0.12801243,246,0.05511046523658537,0.012241245313725745,-0.0013330536,0.0546339825,0.082594804,244,0.07517394952757538,0.03932350694402266,-0.0013790410173173,0.0740012149406221,0.1588302183529154,235,0.44661641404364655,0.28806825648614093,0.0468680188806593,0.4119290267812783,0.93026513123017,246,0.5201864172903009,0.15499316105484232,0.2732943468136696,0.4767692853122424,0.8912830870615411
80727,PAO,PARAGON GROUP INC,32,0.0024968749999999995,0.04295029748948759,-0.083,0.0008500000000000001,0.1181,33,269.45053272727273,38.7964223859801,229.2605,257.1975,374.04114,33,456.61745454545456,98.46829561370593,260.678,478.189,544.189,33,104.31027272727273,11.516114156565378,92.27,101.064,131.396,33,8.066272727272727,4.731204222187567,1.934,9.387,15.913,27,194.39422222222223,17.87060185877555,171.566,202.49,215.711,33,0.5790663772727273,0.24038668102283098,0.36913875,0.5415739,1.0623374,33,0.01957926930909091,0.015789520949038807,0.007013825,0.013671455,0.058125135,33,0.06813680118181818,0.009327047133216216,0.048670463,0.07266317,0.08008494,22,0.039263216998708717,0.015998811238073812,0.0249941558745149,0.0249941558745149,0.0563860903477413,13,0.0900825661172854,0.16835084307880566,-0.0552869467992842,0.0460842083420735,0.4539796672445987,27,0.7660292169443339,0.055638136413875876,0.6724261199287672,0.7637289317816764,0.8570635291681504
80747,FLCO,FELCOR SUITE HOTELS INC,276,0.011231884057971014,0.13990062758219476,-0.5587,0.0043,0.7489,277,864.6120900902528,406.51512111150754,86.10525,877.6589,1643.5007,277,2539.712866425993,1171.2863760021273,85.383,2513.193,4403.927,277,757.9030758122743,389.38035737214426,20.902,894.111,1307.832,277,-31.10832490974729,102.66984440959142,-296.948,1.814,150.215,227,754.7041321585903,601.1009144514741,0.823,550.251,2054.383,277,0.5271920690679766,0.20185902307727224,0.0,0.538012,0.8572784,277,0.04970891671628159,0.04430807110078451,0.00026798277,0.042635713,0.3042186,277,0.044627884258122745,0.02018724742794534,0.008317461,0.046941087,0.084057815,266,-0.17726632870689768,0.7236435010687879,-2.483503880457415,0.0264225615861773,1.521954177416862,257,1.5861575285549647,1.0474853934254607,0.2430586954734646,1.2279542393442653,3.3762842190732854,227,0.9875475761833149,0.8316785291881825,0.0007130026834659,0.7118811298590181,4.7511547854112095
80774,WHC,WACKENHUT CORRECTIONS CORP,143,0.014636363636363637,0.13258829879832168,-0.421,0.0017,0.8781,144,2094.7689352083335,871.809123589683,631.2597,2198.61915,4146.074,144,3807.5861874999996,572.6924682302329,2839.194,3745.902,4608.884,144,2108.6042291666668,344.78143150463836,1454.804,2262.221,2477.922,144,134.2960833333333,30.147791421618255,39.906,143.17399999999998,185.174,144,1097.097375,119.61587905252671,943.828,1052.6605,1384.944,144,0.6027724033333333,0.05793216376123613,0.50481385,0.6180524199999999,0.68287915,144,0.037114625552083336,0.034135212134136325,0.013267285,0.0237667815,0.13502249,144,0.06687816559375,0.02968614597584119,-0.0074753114,0.07253885500000001,0.12809844,144,0.1274397560923025,0.02553443611072499,0.0768409078026383,0.1331833935278978,0.1671328110109045,144,0.7595316251799801,0.20157445695434867,0.4748794380569504,0.6770670185030254,1.203779464259703,144,0.6493969899575224,0.33539750412612446,0.2351757280452557,0.47121058580896946,1.4951501285747597
80779,VRE,VERIS RESIDENTIAL INC,364,0.0071964285714285715,0.07783901564354326,-0.3103,0.0040999999999999995,0.3923,365,1880.4534941369861,693.1960874565465,202.8,1841.8278,3503.4905,365,3805.40242739726,1328.8577174263999,207.591,4247.502,5720.935,365,508.6494191780822,217.2842657492338,49.221,577.409,808.58,365,39.21804657534246,90.3029377395065,-171.379,52.862,266.356,360,1392.61345,420.48057814636144,103.398,1486.4724999999999,1932.033,365,0.48536195186301373,0.09379254211249312,0.26113483,0.48577628,1.1108712,365,0.017469029374246575,0.02358412203224932,0.0020154915,0.010415726,0.2026321,365,0.04834259181643836,0.020815705843663462,0.0091720745,0.052291434,0.09970562,355,0.03905757242700195,0.06008829486446026,-0.0985442853331794,0.0488922132729921,0.1448883308251239,345,0.7310556656567224,0.41822222646253615,0.0429428110702494,0.863740838949116,1.3649752791712797,360,0.7471691161775569,0.19936777246322734,0.1687440502011291,0.7626659718922091,1.4033484308277242
80782,EWR,EVANS WITHYCOMBE RESIDENTIAL INC,39,0.012592307692307693,0.05975855096097517,-0.0699,0.013,0.1551,40,383.21134,54.49069970076758,302.39636,376.76,544.17523,40,548.533475,157.79720358462495,282.376,552.2065,788.949,40,75.602675,20.466051485435276,48.121,71.4285,112.041,40,13.057075000000001,3.248003034508971,7.609,14.287500000000001,18.432,40,209.0703,31.138074917192924,145.079,205.2695,261.178,40,0.4647433255,0.088914488787089,0.31661168,0.47739536,0.5923562,40,0.011788124945,0.015153451083986828,0.0026738942,0.0060456293,0.062013123,40,0.058827333125000006,0.01181824161662022,0.036326297,0.058420848,0.077095054,30,0.06509174305392681,0.014983457932713424,0.0490210927995231,0.0635793978297417,0.0819185659204231,20,0.041726422684101615,0.1581707604454181,-0.2570196143391532,0.031149638995107948,0.3450201121908771,40,0.5497737401026132,0.07556549296515033,0.3779828782339223,0.5522252706275571,0.6690731441629068
80790,WKS,WEEKS CORP,58,0.013593103448275861,0.055462219991089336,-0.0898,-0.002,0.1718,59,404.15048338983047,167.02018966225205,174.60625,457.387,623.4839,59,575.1319830508476,423.683338783142,104.07,396.625,1447.592,59,64.01537288135593,40.197455193469345,25.149,50.956,154.803,59,14.197576271186442,10.714738042404878,1.094,11.573,35.141,54,206.11316666666667,118.13888873019611,70.914,173.33,367.83,59,0.5243233369491526,0.1996585172975103,0.32323745,0.4596946,1.1623235,59,0.007322364535677966,0.020229674848639335,3.4301785e-05,0.00062374695,0.08726759,59,0.052338522389830514,0.011898720701022322,0.035209045,0.05160711,0.08151641,49,0.05466229528421002,0.0222485003810352,0.0178848509595753,0.063377686180415,0.0955682465909589,39,0.2344507400265045,0.05453826218837076,0.0696590936116428,0.2420940727446175,0.3144693434292287,54,0.45764752563536465,0.1311562704094148,0.2422639915782697,0.412484212621576,0.6925240359907401
80838,PRES,PRIME RESIDENTIAL INC,44,0.013054545454545456,0.0581213104037099,-0.0997,0.0104,0.1667,45,177.0926128888889,36.93803390477919,128.78563,162.38188,249.79312,45,376.54462222222224,130.76850193415862,166.407,363.977,559.876,45,55.38817777777778,20.3531188957825,27.135,53.061,93.734,45,3.1758,1.5791432170642405,0.877,2.842,5.772,40,106.18865000000001,8.307595531523218,89.489,109.962,114.907,45,0.653222474,0.14065480930418825,0.45924786,0.63885564,0.9849345,45,0.05193685442222222,0.019646743324906756,0.017144712,0.050598767,0.08290482,45,0.04513422728888889,0.011293947531177642,0.028887006,0.044350002,0.064535305,35,0.026379845961667297,0.05370039846741692,-0.0393485759773571,0.0218984740182972,0.0911122713491431,25,-0.21521040965056645,0.13266639783485232,-0.4992970259302018,-0.2242325619363289,-0.0386309324148461,40,0.6137720276223899,0.15205416547665423,0.3582524475526936,0.6420905959439323,0.8392420016797498
81045,O,REALTY INCOME CORP,362,0.012097513812154695,0.05936693092013885,-0.308,0.0149,0.1941,363,10232.575461928374,13236.006950105319,311.648,2880.5806,55230.445,357,10260.35480672269,15164.815597565106,352.768,3076.262,68328.25,357,790.2657899159664,1016.6650740651334,48.54,327.218,4747.398,357,209.885756302521,212.95133559575598,13.649,121.264,895.055,357,5647.16937815126,8673.628400937005,329.678,1521.545,38986.027,357,0.3807259083865546,0.1037367936687587,0.03576288,0.4123431,0.5297953,357,0.008969350822689076,0.013532902269037509,0.00040437077,0.0040472257,0.086677924,357,0.07065841655462185,0.0205027221809879,0.03065057,0.066469505,0.12364636,355,0.07002207505127142,0.027990725936333845,0.0143480665898841,0.0709183582016936,0.1137937675744385,343,0.36395719083371025,0.24892490383622654,-0.0395317890605338,0.3258080959731187,0.7884994908455186,357,0.5494993118645684,0.14782318388307142,0.1783678826256765,0.5164093870874994,1.0362035746486196
81087,SPPR,SUPERTEL HOSPITALITY INC MD,280,0.011665,0.1363179537162158,-0.5882,0.00085,0.6352,280,58.143236317857145,39.83511588308261,10.110793,44.401185,172.46614,280,175.5474357142857,90.79558468542737,13.266,169.976,333.532,268,53.74272388059701,27.767062729834667,3.771,57.6175,122.056,268,0.23517164179104477,7.865891676920706,-21.731,1.809,29.053,278,50.95895323741007,29.10478745540877,1.525,43.9955,102.342,280,0.5961831951785714,0.10237679272523037,0.27083817,0.62417075,1.1193275,280,0.02031787222362857,0.03477742077564354,5.2662068e-05,0.0058530327,0.23549862,268,0.0524051492869403,0.029949649102732925,-0.010231751,0.053500522,0.14018483,265,0.15560732635644767,0.7378589909341327,-0.8561484918793505,0.0497834407735697,3.433499020936888,264,1.1295040238734053,0.9299574361521502,-0.1101353050567834,0.7723919449352243,3.2536722726203857,278,1.0764849900545916,0.6783550436122556,0.0260385174932664,0.8151995734170379,3.2679449702373544
81175,XLG,PRICE LEGACY CORP,119,0.01277563025210084,0.09817609651287931,-0.5539,0.0079,0.35,120,250.80637468333333,185.64328054866488,59.8905,135.166385,705.1911,107,754.9222429906542,329.43597308773235,403.757,572.147,1287.388,107,88.7330186915888,23.78176470552767,57.949,91.03,128.311,107,19.25463551401869,17.31276249846225,-25.773,29.004,38.001,95,286.85798947368426,181.04599924090616,44.216,185.536,539.48,107,0.22258825225233647,0.1762052661844892,0.0,0.23619226,0.48765758,107,0.03004251213728972,0.0340434975129499,0.0,0.018118571,0.1525807,107,0.05481579071495327,0.025660603071551536,-0.012433993,0.050191924,0.091913655,102,-0.37018369347633245,1.2005132254183974,-3.4247643430699406,0.0358785903812588,0.3125837473223645,100,0.4691636739098338,0.1144343959405504,0.1517703262145101,0.47262475649908453,0.8156530419447419,95,1.3807807298047279,0.9844883477621514,0.0648762989847528,1.2875789394219566,6.255206064501517
81660,RA,RECKSON ASSOCIATES REALTY CORP,139,0.016592805755395682,0.05591661317557792,-0.1402,0.0199,0.15,140,1336.249102142857,940.4180408242582,225.01575,1018.570285,4052.454,140,2238.2396642857143,1209.80160212674,129.218,2893.868,3863.132,140,357.1177785714286,189.76400005584628,55.136,456.64,611.297,140,50.04871428571428,50.40096851691404,-51.974,43.504,165.298,132,816.7688409090908,389.7130378860175,59.424,914.4794999999999,1327.896,140,0.5412366499285715,0.21157873548864942,0.3116214,0.49998173,1.3895974,140,0.021837833382142856,0.03239567287414618,0.0012664329,0.011193158,0.16959494,140,0.06193471220714286,0.007921663483524457,0.047716126,0.061135303,0.0772758,127,0.07962841032580548,0.050519361337270335,-0.0344261746410453,0.0771979093533036,0.1746084627779361,120,0.13684060001560652,0.10982228547340868,-0.0660328926538082,0.1042519790136964,0.4040676652279961,132,0.6411377190325853,0.3237926025553747,0.1533333134296684,0.527885346186646,1.5406556598655243
81675,SSS,SOVRAN SELF STORAGE INC,336,0.013559226190476191,0.06852295685473483,-0.26,0.0147,0.3255,337,2327.5945886646887,2795.409638046949,156.216,991.4699,12563.977,337,1838.3517655786352,1783.8900433336298,82.733,1181.992,7387.73,337,266.2876706231454,232.45385089024379,18.53,193.822,1047.433,337,72.67354005934718,80.59772476885313,1.836,33.778,358.128,337,940.1774955489614,926.6335287893655,13.719,527.389,3624.45,337,0.40489473697329376,0.11928323314455662,0.0,0.4286052,0.8018566,337,0.011637217859347182,0.026172926830169765,0.0012492116,0.0061236927,0.26321593,337,0.06990219340652819,0.009258819232034336,0.04974004,0.06759139,0.0990618,325,0.07986588897472865,0.02245251780287044,0.0312666804820306,0.0851329204131346,0.1212901344370606,317,0.43243390784985336,0.25724380973321553,0.0820894648867524,0.3152490406422288,0.994433523016488,337,0.5431758039222807,0.21443474556099118,0.0824440216442511,0.4979198188631809,1.1773423073541418
81707,FWSH,FIRST WASHINGTON RLTY TRUST INC,68,0.014594117647058825,0.05607696172692727,-0.1254,0.0135,0.2609,69,153.71717210144928,67.17539917921997,52.542,175.69406,274.9952,69,402.9378695652174,146.3381706827106,171.09,439.141,590.838,69,56.614710144927535,23.332964485453928,20.699,56.067,94.222,69,9.185579710144928,6.756268097120666,-1.937,8.564,19.214,66,125.64521212121213,61.63168739624251,13.221,128.226,208.854,69,0.5743936508695652,0.06769346031903384,0.47676307,0.5499507,0.681335,69,0.012183323639130434,0.00966211487706955,0.0037757906,0.0082207825,0.037562218,69,0.04777623423188406,0.01466753667007809,0.018343411,0.049921136,0.06725608,57,0.056767304717914156,0.021166525608829766,0.0327783485567111,0.0497649082193841,0.0844695355773327,49,0.0846999786445531,0.13544924207931114,-0.1178520332989924,0.0805432988281854,0.2720444660050339,66,0.7975864799445039,0.25841464602569836,0.2039640346606562,0.7980443333435611,1.2309465170205192
81772,CKT,CROCKER REALTY TRUST INC,13,0.040876923076923075,0.05265993343846524,-0.035,0.0328,0.1558,14,225.52612142857143,75.76604018229975,103.56625,228.581255,310.2815,11,305.28236363636364,63.49954013577225,236.286,282.784,413.434,5,47.3152,4.618944327441067,43.942,43.942,52.375,5,4.3256,0.0706562099181659,4.274,4.274,4.403,11,103.25900000000001,39.888734838297395,67.898,70.804,158.663,11,0.6371593654545454,0.0681263269147381,0.5601677,0.6771455,0.71273834,11,0.051017096272727276,0.007239110512257251,0.042913742,0.05220946,0.060888078,5,0.02393463,0.0,0.02393463,0.02393463,0.02393463,3,0.028664295991471505,0.0,0.0286642959914715,0.0286642959914715,0.0286642959914715,0,,,,,,11,0.38893460116578676,0.0864538423729359,0.293663067027471,0.3410107077474197,0.534595032816917
82217,SSI,SUNSTONE HOTEL INVESTORS INC,50,0.010834000000000002,0.09373789687316482,-0.2472,-0.00565,0.3179,51,270.8819945098039,173.11292786236146,56.898,299.51086,603.4913,51,398.86056862745096,358.48163822858515,43.999,221.086,916.899,51,41.05352941176471,33.87368572880899,12.45,19.644,100.809,51,9.71735294117647,7.228837125910444,0.398,7.573,21.891,51,218.04223529411766,181.63260377559843,35.885,143.124,472.664,51,0.2828780480392157,0.1581835730371073,0.0,0.30966726,0.4819604,51,0.01339306150509804,0.02754067094782558,0.00021857326,0.0025143959,0.091236286,51,0.07215855719607843,0.030265595105537446,0.032878254,0.062416762,0.13712445,41,0.0587454420462843,0.017255902681506115,0.0375803052430265,0.0697268598160913,0.0761434857981064,31,0.5573946990773215,0.3577138640602625,-0.034224396784864,0.5270865027603368,0.98362142167272,51,0.7624189815516735,0.4259812841753232,0.2736975899412011,0.6034521352698318,1.714357691427179
82236,WYN,WYNDHAM INTL INC,40,-0.009522500000000001,0.1190546534429052,-0.3039,-0.0235,0.3185,41,1208.4683253658536,772.3356292912435,309.5625,984.0409,3418.8015,34,2059.444705882353,2306.0824800311802,324.133,1081.898,7518.059,28,334.4234285714286,417.4265842106963,43.391,125.474,1615.261,28,23.69817857142857,21.428800930927085,-33.774,26.142,49.719,34,893.1396764705883,880.9070507746363,261.727,440.862,2936.021,34,0.3343598461176471,0.161038728828798,0.029308956,0.4107982,0.50821036,34,0.012915369994117647,0.006108449728769045,0.005604967,0.010553772,0.021911478,22,0.052555243363636366,0.015389302178300254,0.031501748,0.05014308,0.080422536,20,0.0512099547588281,0.044882140748011876,-0.0023673664258597,0.0869281688819533,0.0869281688819533,21,0.820007018852501,0.21368455958830376,0.4216483538620827,0.8210544262378353,1.1996347570390435,34,0.7489274493153402,0.8662263026628415,0.201579118970609,0.442724713451208,3.535652714204148
82793,GLB,GLENBOROUGH REALTY TR INC,129,0.014344186046511628,0.06994423326275809,-0.2083,0.011,0.175,130,525.3354576923077,195.0762379477464,75.52125,545.6255249999999,918.8646,127,1252.6604094488189,542.9362993479734,92.752,1385.837,1906.441,127,164.08561417322835,82.71033189563718,16.428,169.469,279.89,127,24.235149606299213,19.4835676254106,-3.896,20.211,49.748,127,537.0137716535432,244.26972467044385,48.835,616.852,848.307,127,0.47418138070866145,0.0809121457625247,0.25169125,0.49073398,0.60915786,127,0.012467439714488188,0.029168129055230762,0.00048530268,0.0045587467,0.18172085,127,0.052225632661417325,0.012535942479396328,0.027913552,0.052333552,0.075636186,113,0.041648336914081936,0.025066611418764914,-0.0164856557377049,0.0501051813427729,0.067903240783731,110,0.348674480133254,0.049288157136365494,0.1809003036392562,0.3494565767253863,0.4934391121675614,127,0.9984300029767048,0.4445068518629169,0.2527168240761367,1.0395791335206703,1.9918920512971696
82856,MDN,MERIDIAN INDUSTRIAL TRUST INC,35,0.017154285714285716,0.06662906247566865,-0.1161,0.0074,0.1722,36,430.0420388888889,236.57487912409695,135.9925,315.15655000000004,767.9021,35,545.1486571428571,363.84853299431387,3.724,345.084,1177.627,23,65.02060869565217,26.176081279635863,35.041,51.009,115.988,23,23.988086956521737,7.795773685512633,14.474,19.886,37.728,32,366.3985625,190.57264310576832,151.689,243.625,627.434,35,0.37425171285714287,0.15113807656221434,0.23297094,0.35838372,0.83270675,35,0.0922953234,0.2288412994776049,0.01025722,0.016537065,0.8276047,23,0.051476451217391306,0.011994706923365071,0.031134032,0.05050277,0.07198827,21,0.05005511014400113,0.00910588140336993,0.0397939442625193,0.0577509845551125,0.0577509845551125,16,0.33209574363505695,0.08633682208626295,0.2023759959305697,0.35115505269566394,0.4328014321416549,32,0.7910971876957655,0.11229690418677085,0.5773828817211297,0.8108827316710533,1.0299867531305285
83143,IRM,IRON MOUNTAIN INC NEW,119,0.015925210084033612,0.07394929002133067,-0.197,0.0154,0.1707,120,12470.7839775,6448.6331712781475,5703.2427,10022.183,36294.465,120,12416.367074999998,3568.815539143778,6350.587,13629.913499999999,17966.934,120,4157.105125,778.1428850248304,3007.976,4179.9955,5819.276,120,287.292775,151.60949878328435,57.963,272.731,635.981,120,1315.9073500000002,678.9476767357594,98.276,1179.587,2453.166,120,0.7592305025,0.07073470192901554,0.6380795,0.7730296,0.8735906,120,0.0223373401125,0.017485743806755938,0.008028971,0.015672041,0.08544009,120,0.065757856825,0.00910526079938881,0.045807797,0.06603443249999999,0.09612835,120,0.33814116357465507,0.2692016627953064,0.0541293343254772,0.2421994296843218,0.8748374348954243,120,0.6781203649690136,0.10117634718788975,0.3659752854412557,0.6933892470395491,0.8577208890417822,120,0.13299541112263355,0.08113208109618643,0.0027077407997143,0.11696314710048974,0.2846395423493164
83331,HFD,HOST FUNDING INC,12,0.0028499999999999997,0.08538147020604327,-0.1141,-0.02055,0.1538,12,12.193864583333335,0.9083595954858259,10.205125,12.334125,13.310625,12,24.13416666666667,3.0766091084277516,20.436,26.347,26.904,12,2.3952500000000003,0.668385996942703,1.769,2.334,3.463,12,-0.32225,0.3320400099111825,-0.861,-0.298,0.146,12,4.513833333333333,0.45642819475761714,3.926,4.334,5.317,12,0.7883756525,0.03471341077922433,0.7382007,0.80508476,0.8242684,12,0.015866328083333336,0.008617631567368207,0.010149613,0.010716382,0.032195076,12,-0.005293017868333333,0.011666734920096993,-0.016930906,-0.00750112398,0.009336926,8,-0.0316751700680272,0.0,-0.0316751700680272,-0.0316751700680272,-0.0316751700680272,2,0.6218847434416527,0.11602875390263254,0.5398400247444761,0.6218847434416527,0.7039294621388292,12,0.3730136463612717,0.054685872083841305,0.3019942015157874,0.3660412717698327,0.4757941755939117
83718,MHX,MERISTAR HOSPITALITY CORP,117,0.008336752136752137,0.1265170280200085,-0.5316,-0.0046,0.3884,118,604.7623086440678,280.07901845597405,120.23277,630.56645,1077.067,118,2226.5573983050845,1054.3161898337835,25.115,2609.627,3101.851,118,538.1842372881356,327.40758448408593,12.246,536.582,1084.888,118,-10.263567796610168,87.81320874237609,-253.977,5.608,131.702,118,762.733466101695,362.0948607891906,4.198,727.76,1179.947,118,0.5404347415254237,0.15443810289602647,0.099247515,0.545786,0.795222,118,0.03224137424745763,0.032776133711943316,0.0026748113,0.01521724,0.11867022,118,0.039227489957288135,0.028065676736417383,-0.0068876287,0.032014914,0.08027538,107,-0.07137386222748232,0.20853803996384893,-0.5949453269748306,0.0379733308311439,0.0933061861258378,98,0.9075434317102287,0.2830778470452905,0.5300516911879878,0.8582224102367904,1.8176712163143856,118,1.4212923099138335,1.129354635607103,0.0221903830683269,1.2477222487923816,8.371952000672223
83879,LAMR,LAMAR ADVERTISING CO NEW,121,0.013959504132231406,0.07740770695750349,-0.3757,0.0209,0.2849,122,7132.300624590164,1969.8646659462963,4277.9253,6649.1836,11785.451,122,5066.891459016394,1213.5366903294575,3318.818,5715.298,6582.421,122,1660.1469098360656,261.8722665873008,1256.859,1602.99,2161.919,122,336.33487704918036,96.37433742440477,37.865,317.676,504.692,122,1126.5161885245902,86.75480843523064,981.188,1142.882,1282.583,122,0.6618099072950819,0.058275915268739355,0.5659227,0.6943594,0.7501643,122,0.011463166335245903,0.012119841258187358,0.002441593,0.008147595,0.0776848,122,0.120447683852459,0.011749733526559294,0.09839917,0.12182682,0.14082584,122,0.2772500594841868,0.07693366595056614,0.04302392635801,0.2793839899469673,0.4075744795597406,122,1.2480230208197007,0.2753381404748561,0.8405547040226157,1.2090254862174266,1.9923233802892,122,0.1669321716050969,0.03416754651483293,0.1016896027274921,0.16650619341338824,0.2649969413210229
84015,ARI,ARDEN REALTY INC,114,0.01341842105263158,0.056207993268034176,-0.1271,0.01465,0.16,115,1656.0123680000002,587.1325484749511,426.54913,1595.906,3053.4539,115,2291.416147826087,796.7957931484322,286.165,2667.635,2941.181,115,315.557347826087,127.55667501842129,31.607,388.471,440.31,115,59.81886086956521,33.82840334245427,-6.22,54.191,102.228,115,1119.292304347826,393.94243218510417,3.263,1247.377,1381.259,115,0.4588353827826087,0.13431330405697078,0.23095775,0.45147294,0.9306591,115,0.010104613614782609,0.004686859313046374,0.0013715132,0.00927096,0.028537307,115,0.05819243033043478,0.017678211207189043,0.015517137,0.06399629,0.07671177,107,0.05321542221946107,0.029376550535748436,-0.0262427818794675,0.0616697261203786,0.0731069109770671,95,0.2803286097726463,0.15623573478316688,0.1159428985016197,0.2022612826017129,0.5906450530259353,115,0.6832067198314962,0.2663799781042134,0.0054482309720059,0.7394073574043957,1.1326553434972684
84016,BOY,BOYKIN LODGING CO,118,0.004722881355932203,0.0910177651589667,-0.3057,0.00845,0.276,119,195.55346949579834,45.8997976037503,127.1986,194.06181,347.5395,113,504.1798672566371,146.85292421814327,137.271,575.509,616.985,113,131.0623097345133,82.63338571927204,3.378,93.819,268.91,113,4.0060530973451325,14.076183017297023,-30.771,8.25,20.142,113,227.5883539823009,50.03909592739183,114.815,235.688,288.537,113,0.4185449122743363,0.1435415844355297,0.0,0.47661185,0.5703876,113,0.029676398538938054,0.03379736683291134,0.0014612394,0.009174685,0.15561917,113,0.06321422377345133,0.03135149511387266,0.0023967188,0.06834993,0.12351845,111,0.012882987717829907,0.07381488931338762,-0.1459194852106629,-0.0007034574935809,0.1249139920742063,99,0.4635906757521438,0.12208695825933959,0.1455946909383261,0.4531308331326952,0.6893089535553886,113,1.2455081931644054,0.3845450224008473,0.3384593646248865,1.272088716322478,1.8955947735398
84038,SCA,SECURITY CAPITAL ATLANTIC INC,20,0.0041400000000000005,0.048292141673034354,-0.0678,-0.00375,0.1264,21,957.5143747619047,72.21181394224737,811.3185,946.92554,1065.6674,21,1218.3744285714286,143.66368659635992,1021.355,1204.231,1441.411,21,147.0732857142857,18.14852402026914,120.362,147.232,173.549,21,42.742714285714285,9.042140057214645,26.905,46.097,52.723,21,750.36,84.22821274193113,650.298,714.72,873.764,21,0.3354824928571429,0.02537347210987218,0.29010132,0.3381216,0.37423718,21,0.005116075451428571,0.005064321194195358,0.00033786686,0.004430389,0.016356954,21,0.040803182285714286,0.010101934818850153,0.026342457,0.040489674,0.057667106,13,0.05586083665172274,0.0020525874400004235,0.0552915513238539,0.0552915513238539,0.0626922605861488,1,0.2475138753453018,,0.2475138753453018,0.2475138753453018,0.2475138753453018,21,0.7829817155981195,0.054863141816935614,0.6904288025676562,0.7756845718543073,0.8805921346102367
84190,AMVP,AMERIVEST PROPERTIES INC,77,0.009951948051948052,0.06023500820337309,-0.1778,0.0162,0.1429,77,83.62480566233766,47.619630348607856,10.866375,97.40844,165.84875,77,181.30454545454546,111.79785459404016,29.906,175.764,347.954,77,21.050168831168833,11.511601044852876,6.285,19.42,45.144,77,-2.513935064935065,5.277551015330138,-14.24,-0.229,3.47,77,57.12341558441558,36.36810360682278,5.949,46.76,122.155,77,0.6430987716883116,0.06595208086833326,0.48190933,0.6619575,0.77478534,77,0.042134209383116884,0.04223594149507284,0.0116740335,0.02843534,0.1942356,77,0.039981987597402596,0.01052173553441159,0.023948977,0.034648735,0.06261849,77,0.04332732126587403,0.11380917402449876,-0.1282472397712696,-0.0035766356843448,0.2356721542389294,77,0.16793328143184616,0.07625471610723192,0.0416198347570004,0.1407658118141239,0.3501707698628099,77,0.6770762975607999,0.26376009993035165,0.3568595585433194,0.6576566861703451,2.4590919522058905
84392,KRC,KILROY REALTY CORP,335,0.008246268656716418,0.07698839232897814,-0.3273,0.01,0.2991,336,3353.374701339286,2634.95799392223,296.1,2402.3872,8919.437,336,4388.515848214285,3495.9203865115055,128.339,2546.0965,11599.2,336,448.8622142857143,316.54244397708624,39.176,291.9835,1158.182,336,104.87075892857142,139.76417872474127,-11.042,41.222,661.14,330,2037.9101363636362,1867.0924291862839,166.858,969.9159999999999,5458.245,336,0.46647970017857143,0.18157616661811102,0.18173975,0.451909075,1.7398998,336,0.028156698136607143,0.045152433644813764,0.0,0.0098331145,0.37425816,336,0.053717002928571435,0.011470180293062359,0.028218694,0.052040991999999994,0.07591355,319,0.07834767648783678,0.03992993769547305,0.0146356278031321,0.0785887787870292,0.1990904479543824,316,0.7157256431005955,0.32068369681640774,0.1615751931236132,0.7517206151237695,1.23018255880848,330,0.5881606894107558,0.2733745953184466,0.1584050234290354,0.5224955632612096,1.7104819202723156
84581,PTX,PERNIX THERAPEUTICS HLDGS INC,59,-0.014716949152542375,0.09583591608171493,-0.3556,0.0,0.251,60,133.64200958333333,61.35302945152002,36.08992,128.258625,262.35,46,370.6064782608696,71.1924489159846,186.306,401.854,434.745,46,48.51295652173913,12.822234124895049,19.351,54.848,59.945,46,-0.6563913043478263,18.527550605611047,-38.438,10.237,11.386,46,104.33667391304348,19.239746313936624,62.073,108.419,124.432,46,0.47992249589130437,0.14187533405177716,0.023214497,0.514125,0.624512,46,0.01788650714347826,0.019591896967515933,0.0038717445,0.012387428,0.080340944,46,0.06977171547826087,0.012018860683593861,0.04239526,0.07323436,0.09184197,44,-0.028662490858497994,0.2389101167311253,-0.5275079342064988,0.096728592665554,0.1018370751876972,40,0.47019397453968537,0.11985956317004919,0.2979723922495135,0.443730454337653,0.7241491388416721,46,0.9686815315152283,0.5331884311301042,0.4738974784791458,0.8190916665664323,2.9246118985660825
84658,CPP,CORNERSTONE PROPERTIES INC,37,0.013037837837837837,0.055333977663674996,-0.1016,0.0071,0.1739,38,1619.3185721052632,492.46501627745806,562.61975,1669.5699,2359.5242,38,2565.2444210526314,1426.0959587018936,732.346,2476.869,4282.226,38,297.1575,165.00145823151695,116.908,268.702,617.448,38,69.29281578947368,55.37218666240264,11.676,65.963,242.07,38,1155.3047894736842,662.91305321079,124.783,1354.637,1922.494,38,0.43712356763157895,0.0478412759059977,0.3532935,0.43538204,0.52225584,38,0.06524994073684211,0.09771666514958419,0.0047189267,0.014268821,0.27222848,38,0.048537204,0.0068579140225782835,0.03213386,0.048417173,0.059232395,24,0.04130303770862375,0.005523507280850234,0.0358958278162789,0.041303037708623744,0.0467102476009686,18,0.5796148969727819,0.039994284188544275,0.5278532500379203,0.5794299090834252,0.6307454534406491,38,0.6512069044152432,0.3044282333703735,0.1374565078371724,0.8192626990393077,1.01169319167749
84659,TCR,CORNERSTONE REALTY INCOME TR INC,95,0.009022105263157894,0.0593595341406337,-0.1947,0.0009,0.1528,96,441.53755989583334,66.01431036097031,313.9,423.36839,563.7832,96,791.65009375,257.1984480036288,322.871,834.174,1143.436,96,127.51659375000001,41.78809003370223,40.64,146.722,180.101,96,16.03565625,21.277139525706495,-10.212,18.607999999999997,59.958,96,297.69478125,34.99381832573866,206.327,302.2745,347.327,96,0.46430053250000003,0.18769534238314778,0.17159484,0.37210925,0.73400885,96,0.009585226318749999,0.010472139767173939,0.0012388367,0.0082242405,0.059244264,96,0.06144448615625,0.017858375816377357,0.03424153,0.06244909,0.10566029,82,0.07113976224918095,0.07496176083903515,-0.0257584046589605,0.0609714329206413,0.2264103921996199,76,0.1583527394264553,0.041685472428525876,0.0915323760805336,0.1469196420961083,0.269639563516376,96,0.6893909296460539,0.1273547059095325,0.375138329908964,0.6992055999714447,0.9411137631459248
84767,ARE,ALEXANDRIA REAL EST EQUITIES INC,331,0.010574320241691844,0.07615529173841958,-0.382,0.015,0.4618,332,7626.948555933735,8597.374119392467,227.097,4077.39485,34550.773,332,9361.86781626506,10624.905007260199,160.392,5748.625,37847.863,332,794.4137078313254,811.0079110301281,17.673,489.633,2935.342,332,155.61227710843372,200.0381414586205,-65.901,88.395,937.836,332,4369.9025391566265,5517.144784503908,11.962,2471.566,18972.387,332,0.46832569572289157,0.09980874904284989,0.23637722,0.4644644,0.7291793,332,0.01706443206054217,0.010295902663579982,0.0020716507,0.015495741,0.09533809,332,0.04103126237048193,0.013269162968008015,-0.010262357,0.03986307,0.06924274,319,0.06144228557475967,0.04025167475251315,-0.0167568312394783,0.0530729993523425,0.1451001953547891,312,0.6282643550966138,0.3804411874305244,0.0133106201234961,0.7021740038361826,1.5442195105294882,332,0.5229148460794231,0.18306370448417816,0.0378658445920109,0.47093072489143833,1.1615068342059724
84787,WEA,WESTFIELD AMERICA INC,52,0.009528846153846153,0.05549519087639252,-0.0993,0.004,0.1501,53,1160.4292035849057,116.00221552184772,903.08496,1190.4218,1347.4387,53,2928.956433962264,945.7977587062417,1339.002,3573.403,3855.881,53,380.5700188679245,146.426204305536,159.928,408.546,554.524,53,60.870000000000005,28.61714499346366,24.696,54.299,119.291,53,561.6625660377359,93.16779923600822,336.445,598.637,683.186,53,0.629563941509434,0.061415872852688666,0.5024307,0.66380745,0.6976263,53,0.007051216056603774,0.005192111644452429,0.0017881815,0.0060333014,0.024764013,53,0.039833457452830186,0.01143480278349337,0.018151427,0.043629833,0.05612462,40,0.11632890026733093,0.038721591888454705,0.0747813127299766,0.1007701729641452,0.1698684570457785,33,0.15939928044704615,0.0987630778675376,0.0460803093668349,0.1483520078732499,0.3754539238023151,53,0.4878261640968446,0.08694894314229402,0.2649738441844584,0.5068273433524492,0.6416915952162653
85058,BXP,BXP INC,330,0.009638787878787879,0.07400296887815797,-0.2771,0.01075,0.4108,331,11378.193601510575,6359.661905887154,926.064,11684.518,22189.146,331,13929.898296072508,6856.518531420402,896.511,13048.836,26026.148,331,1830.5255045317222,839.9902493102587,262.433,1570.54,3203.432,331,403.14031419939573,285.9491028273841,3.584,330.531,1482.131,327,4041.128743119266,1794.8542304225261,175.048,4461.911,6155.618,331,0.5827237921752265,0.12371875639845377,0.47456694,0.57131755,1.6089886,331,0.05354329743413897,0.04307076825900842,0.0051463554,0.038451284,0.1837198,331,0.04941823873413897,0.007159799441397371,0.028160444,0.050860588,0.06036807,319,0.1208221733663504,0.07328664810037915,0.032367671840151,0.0981695996018897,0.3610665540057103,311,0.7011025903570264,0.369110526288411,0.0691770413737541,0.6656491781037144,1.22424266884946,327,0.386709601217476,0.12122537202395665,0.0834517248080138,0.3588004618053624,0.8580312353900048
85082,EGP,EASTGROUP PROPERTIES INC,330,0.012210606060606059,0.06264366134432484,-0.3103,0.014450000000000001,0.1974,331,2364.2797147432025,2458.7551772778074,252.68788,1209.6151,9269.85,331,1536.0449395770393,1057.511339217431,281.455,1183.276,4714.693,331,209.74323262839877,130.64758884009524,39.765,173.946,607.707,331,58.838743202416914,54.01291800562473,12.509,31.687,226.282,331,669.2288700906345,584.0023219975202,145.326,418.476,2766.69,331,0.5122439667371601,0.0834023008099347,0.35618588,0.50265807,0.6508458,331,0.0019026543235232628,0.0033707028903042628,5.2798505e-06,0.0010309425,0.028286213,331,0.07373554392145015,0.0075007505737036935,0.04972731,0.07561429,0.08637961,319,0.08887415361146607,0.027781088842089945,0.0448201811884869,0.0839407559413022,0.1497802123698956,311,0.5886672053117391,0.2695901595405054,0.0683530940242589,0.6553623357261942,1.0324241880218683,331,0.40906546594363813,0.20512178433254605,0.148054287829799,0.3270514403317935,1.004476487919426
85234,PZN,PRISON REALTY TRUST INC,143,0.009014685314685316,0.12800827875848547,-0.503,-0.0033,0.6169,145,2447.3130524137932,1169.7591643832948,582.831,2389.847,4702.0054,145,3301.989420689655,387.8014965447256,566.917,3264.45,4078.799,145,1809.6757379310345,156.54094192974011,296.489,1835.766,1987.726,145,149.55524137931033,95.71249661611559,-110.031,170.77,306.371,145,1462.2339724137933,120.30199039494458,301.758,1462.748,1661.902,145,0.4344378362068965,0.05821581579741481,0.3463277,0.43093854,0.56056994,145,0.03376518722758621,0.027159031270534872,0.011526762,0.02324085,0.12884621,145,0.09786287837931035,0.025630632465892915,0.029740509,0.100936875,0.15902224,144,0.10591325672388326,0.05984592721913736,-0.0378121748558072,0.11903371137977514,0.2002220289156722,144,0.6767337434706477,0.18130279453892964,0.2962478545409402,0.6706381604899405,1.018259046157323,145,0.7668501792675897,0.39412223708651783,0.3195004703312236,0.6074062616671956,1.8020964057910949
85260,ICH,IMPAC COMMERCIAL HOLDINGS INC,38,-0.010002631578947369,0.10777882880618794,-0.4129,-0.0049,0.2593,39,73.18565951282052,34.24189123642594,42.09,53.66475,136.34157,31,424.2482580645161,100.1815278095943,218.839,438.778,621.49,31,29.085838709677418,9.785324706234924,9.327,32.9,39.045,31,-4.114225806451612,8.114134123900415,-15.224,-5.294,10.027,31,105.63070967741936,10.05494802636509,86.752,103.242,129.429,31,0.7143373332258065,0.08466980277795326,0.47702193,0.7344319,0.80458724,31,0.08864605606451613,0.04397651352738493,0.020521965,0.06940089,0.16112758,31,0.05503372183870967,0.06740883582387382,-0.03996507,0.04199891,0.16534764,29,-0.04301330992163138,0.06238392595860292,-0.1065736377096296,-0.059045965967207,0.02722729121869,19,0.45470938747164086,0.11321777858193538,0.2306402580152797,0.4874246195012184,0.6075522409646695,31,1.9215062316898464,0.5532113259101942,0.8683300163440512,2.1025959408826163,2.7918625057928885
85264,PNP,PAN PACIFIC RETAIL PROPERTIES IN,109,0.01773302752293578,0.046827933763556664,-0.1568,0.0174,0.1159,110,1281.330025,897.6403401117088,316.26526,995.71663,2890.7349,110,1285.0469181818182,591.9062922863758,307.614,1307.283,2098.764,110,168.8359181818182,90.41293180837523,36.206,170.496,308.849,110,53.592245454545456,30.883544408218903,1.08,52.493,96.838,110,605.2352545454545,259.6602258355724,61.991,608.793,938.043,110,0.4731654069090909,0.06764557291763924,0.24934769,0.49262643,0.6213176,110,0.003742292264454546,0.005205970350220449,0.00020864472,0.002152862,0.025435714,110,0.05757341659090909,0.014281154523525344,0.02061831,0.05968361,0.07522174,100,0.08748745414704481,0.031101157206792327,0.0276128946538008,0.1031748326794739,0.1197160190245669,90,0.11409408642752725,0.11258445561606353,-0.0268665423577487,0.0663742884046378,0.397135555467394,110,0.5999782127914282,0.24993061768544197,0.1716823278013043,0.5421827799370357,1.1020666715544147
85265,SLG,S L GREEN REALTY CORP,328,0.01305,0.11022170068889471,-0.549,0.0155,0.6352,329,4763.1152816109425,3490.387037207087,257.30087,4483.4487,12661.606,329,8983.03648632219,5867.419009829781,30.072,10704.883,19857.941,329,879.157708206687,529.2758149434056,12.263,931.167,1953.236,329,136.80696960486324,198.8508147344025,-564.559,113.122,672.024,324,3629.6063425925927,2362.310588428378,175.331,4137.1595,7096.358,329,0.44945113522796354,0.0698389102578789,0.09885694,0.45702288,0.6899762,329,0.03504662603647416,0.01832281787219623,0.009028111,0.030450465,0.095562935,329,0.0363863090668693,0.018883779386735522,0.00684788,0.030091694,0.121289685,319,0.08127037644317574,0.06529234056291192,-0.1583889834509927,0.0791528107561898,0.1904639779988323,309,1.1645861759317198,0.6941870023271951,0.170059003498791,1.1263484634497725,2.361349734501542,324,0.8609216744011828,0.6388759832656955,0.1713548628064643,0.7084137042752994,5.891388400886162
85410,AER,AEGIS REALTY INC,64,0.0095703125,0.04575741653715561,-0.0824,0.00675,0.1679,65,81.70719718461538,10.604535351023872,43.5,82.52275,98.62475,65,176.22223076923078,35.88792396813709,74.825,193.829,198.468,65,21.63644615384615,6.188620502156482,9.461,25.355,27.241,65,4.453292307692307,1.8681840591457137,0.274,5.593,6.7,65,114.66361538461538,15.656999380960096,67.151,120.495,125.355,65,0.2709468871076923,0.09348446869667237,0.06972269,0.30632085,0.35493731,65,0.027848319541538463,0.027678535850021873,0.0074559674,0.01786182,0.1360862,65,0.05231092952307692,0.008868839210851107,0.03114845,0.05322475,0.067350544,57,0.0375206371176968,0.017877787532874802,0.0024514408925392,0.0469262587362715,0.0539599298610209,45,0.12047191849912847,0.11223427171429169,0.0266474241400769,0.0674830072817386,0.3722476075725696,65,1.4211786453705342,0.22106275891983598,0.69085391951196,1.4774352590947364,1.7798961000577262
85426,RHP,RYMAN HOSPITALITY PROPERTIES INC,146,0.015873972602739726,0.09735914179118715,-0.4706,0.0125,0.6108,147,3703.165343537415,1368.1137104439226,1504.8661,3557.0981,7074.6777,147,3218.208,903.70902011686,2331.434,2608.635,5188.537,147,1249.1329795918368,439.92002662776207,295.758,1151.583,2319.219,147,76.1959387755102,183.08396615761598,-475.396,126.467,327.215,141,457.93944680851064,249.10287776176307,11.172,385.753,1188.029,147,0.6475730769387755,0.11516392461869865,0.40574384,0.640323,0.86660135,147,0.050988447775510204,0.037599337095416754,0.010113786,0.03603725,0.16724744,147,0.0785858991632653,0.04405957215627951,-0.059036862,0.08909016,0.12447533,147,0.8185990982801549,2.262243584742464,-2.0330685189063864,0.3150219104300623,7.959251596653774,147,1.4200089730192242,0.4289450910184002,0.5482101203952575,1.470535250972438,2.5107478180754845,141,0.16492402211260498,0.15038648954547318,0.0022126849177527,0.1114501001543695,0.7894583655517334
85444,TOW,TOWER REALTY TRUST INC,18,-0.005255555555555555,0.05064151078294451,-0.0792,-0.01745,0.0922,19,367.8294905263158,34.384222141755586,319.0412,368.50125,425.115,19,533.069,253.53659000625532,170.632,704.42,719.747,19,60.48994736842105,30.4204692937606,28.669,60.062,111.291,19,2.796684210526316,8.660775902196647,-7.829,5.076,13.985,13,357.69630769230764,4.979365143346014,345.982,358.553,362.417,19,0.6211353042105263,0.35852437941879484,0.34901905,0.40036133,1.1348228,19,0.027747533,0.01563901635185791,0.011766571,0.020175114,0.059069872,19,0.027891592421052634,0.022422605950984976,0.005497523,0.01800956,0.059826,11,0.014166002146698402,0.0,0.0141660021466984,0.0141660021466984,0.0141660021466984,1,0.2053221732664042,,0.2053221732664042,0.2053221732664042,0.2053221732664042,13,1.0197308518008035,0.07037929578197821,0.9066431315433976,1.0440663620342252,1.1238455192660763
85537,CRRR,CAPTEC NET LEASE REALTY INC,48,0.008222916666666665,0.09743275747719517,-0.2899,0.0060999999999999995,0.3177,49,118.96724406122449,23.869256983661632,71.31,116.18776,169.235,49,229.22718367346937,39.17759779020906,123.082,244.281,258.08,49,24.014551020408163,6.536897913833774,10.063,27.098,30.13,49,11.060795918367347,4.228812998247812,2.756,12.024,16.193,49,122.03748979591838,40.45916605620335,0.103,135.027,137.921,49,0.43758770632653066,0.07772644185653818,0.23525333,0.44028342,0.59246683,49,0.007234382695918368,0.005046174265269772,0.0024511237,0.0056091174,0.019416407,49,0.05193099491836734,0.012666056438078622,0.02710482,0.05651608,0.06999955,42,0.07674916296850706,0.032128886308251184,0.0282034924261531,0.0847885080526222,0.1077117909751383,29,0.2587705648424318,0.2185154637501097,0.0142697068466011,0.1704504045093339,0.7044946745722139,49,1.1048561438738214,0.4278875182988354,0.000608621148812,1.162144672466716,1.897349643132209
85592,PLD,PROLOGIS INC,325,0.011352615384615386,0.07916183864960163,-0.4581,0.0151,0.36,326,27972.19650398773,36143.16043717465,1173.0159,8829.9788,124473.09,326,24290.438383435583,24499.308140737052,1622.559,11414.7295,93537.42,326,2052.2975858895707,2077.8582849949908,56.062,846.172,8619.594,326,683.9588067484663,1118.8009734224565,-1655.316,149.871,4026.304,326,12807.221990797545,14571.62661598188,1027.601,5141.5745,53571.883,326,0.3947496076993865,0.07436096377213464,0.27357632,0.380059,0.5464773,326,0.018652864105828223,0.011527654154835506,0.0031682716,0.0153936015,0.05663329,326,0.04258294692177914,0.016384633052723207,0.0042181388,0.046962712,0.07447331,319,0.060704182245492296,0.04362985573549891,-0.0215168248828923,0.069648712933067,0.1481010207663244,306,0.7433265281375643,0.5683096475502042,-0.0443635522416322,0.6838321441714503,1.743821495621404,326,0.6016307782664722,0.228324664499147,0.2574192066774012,0.5523742466725833,2.1081342995464576
85619,MT,MEDITRUST CORP,97,0.003429896907216496,0.17107980116804433,-0.3556,-0.0112,1.0,98,1307.093558877551,772.4693110272016,258.3193,1142.9452,3292.472,98,3700.9560918367347,1371.678304515944,86.46,3212.288,6803.608,98,616.6589081632653,195.43195646446242,271.503,593.179,982.754,98,-75.26095918367346,202.2383685670405,-471.915,-42.166,178.551,98,2002.727081632653,627.5172407171717,11.499,1826.24,3267.159,98,0.3713051109183674,0.07245068736430706,0.25800967,0.33750945,0.511138,98,0.042828675434693875,0.05106245262256326,0.0013204684,0.028937869,0.21945408,98,0.04364146636734694,0.014728760929619491,0.01693763,0.0437109,0.09385843,91,-0.08929173231044735,0.139044131703036,-0.3866275992985539,-0.0591316551526472,0.0889568552788761,78,1.0237435628053624,0.24030992606992832,0.2404511304248174,1.0337477540393878,1.4994801217577194,98,2.437231207255079,2.1952321451600447,0.0034925124938472,1.760096791341014,10.758413415300684
85659,RPI,ROBERTS REALTY INVESTORS INC,211,0.009926066350710902,0.10478278954091899,-0.25,-0.0044,0.6111,212,30.902398101415095,10.99753847269469,10.403,34.7484975,49.441982,208,104.82510576923076,48.828872178561575,21.048,125.09,180.241,208,8.328951923076923,7.665073305604207,0.0,5.542,20.392,208,-2.8546057692307696,4.723316451174701,-14.61,-2.48,8.611,208,28.583192307692308,9.830509609385999,10.205,25.056,55.024,208,0.49224157423076925,0.2338970655895891,0.0,0.5444237,0.7791408,208,0.11290158743749999,0.1955470799938952,0.005820842,0.048525214,0.81740415,208,-0.016476125798846154,0.05700179529442872,-0.15374382,-0.008771999,0.052311424,194,-0.0023588564989076117,0.3191869688840114,-0.4740984055293232,-0.0398054620276842,0.9281537805214686,192,0.4361213519460938,0.48638889606562724,-0.0937200769245826,0.09592699382759029,1.2537475534764522,208,1.0805089190320851,0.6890599393986174,0.3390140164675455,0.8883099445294946,5.148130323546994
85711,BTRI,B T R REALTY INC,2,-0.00975,0.013788582233137676,-0.0195,-0.00975,0.0,3,70.5465,1.0015583794767084,69.39,71.12475,71.12475,3,149.33666666666667,1.7505260161829392,148.326,148.326,151.358,3,21.903333333333336,0.3539157150132406,21.699,21.699,22.312,3,-1.774,0.4330127018922193,-2.024,-2.024,-1.274,3,0.551,0.6252703415323646,0.19,0.19,1.273,3,0.9801118666666667,0.0048335187186286125,0.9745306,0.9829025,0.9829025,3,0.003733816866666667,0.0007961351329730924,0.0028145192,0.0041934657,0.0041934657,3,0.022096534833333334,0.00698898637794066,0.0140263485,0.026131628,0.026131628,3,0.1410472972972973,0.0,0.1410472972972973,0.1410472972972973,0.1410472972972973,3,1.029497333654312,0.010072886933766968,1.0183440215436288,1.032216408056976,1.0379315713623312,3,0.007769213000534766,0.008771962749728184,0.0026713626074722,0.002738146672659,0.0178981297214731
85763,WPC,W P CAREY INC,146,0.006887671232876712,0.06153484674714495,-0.2363,0.00615,0.1747,147,9928.824615646257,4002.1594326506233,3341.718,10005.906,17793.062,147,11340.18281632653,4673.970083792123,1438.615,8888.428,19076.324,147,1059.800306122449,378.6727830154136,261.861,1023.887,1767.877,147,332.6394693877551,189.8503428195918,78.724,293.512,773.578,147,5314.740306122449,2590.3640272781795,694.978,3833.871,9483.516,147,0.4704632455102041,0.03544111312978125,0.40295145,0.45797992,0.5474575,147,0.02688706430612245,0.014215981120964158,0.0114826225,0.025116533,0.07630299,147,0.05278343195918367,0.01645462895811369,0.010288144,0.056462444,0.10369652,147,0.06856017588411188,0.035909905724958065,0.0312669527050352,0.0639384423266057,0.2037545727173771,147,0.6167199735289126,0.10353626292682253,0.3032504028858982,0.618843647717551,0.8017533094243603,147,0.5213408094278674,0.1166542426716216,0.1852970852363545,0.5193252480688004,0.8198933410127358
85771,NHR,NATIONAL HEALTH REALTY INC,117,0.011147008547008548,0.06938542102240804,-0.1966,0.0039,0.1777,118,153.34156284745762,46.59193900666754,70.67462,152.99002000000002,238.776,103,199.9928640776699,46.29475369739981,137.075,214.634,255.444,103,23.383893203883495,1.915901400061413,20.158,24.451,25.341,103,9.977660194174758,1.657286161957449,7.69,9.235,12.407,103,117.97419417475729,5.7752815516771046,111.454,114.476,130.246,103,0.27514520875728155,0.15300183563376132,0.05763268,0.3692006,0.41598606,103,0.03536843641165049,0.023708111001650354,0.0008036803,0.029334683,0.07802298,103,0.09852406581553398,0.027763801589511434,0.06305883,0.09451904,0.13778289,101,0.08295399381920689,0.01674499339359234,0.0648494551632876,0.0748665356621771,0.1103972950126796,98,0.24911851277321803,0.05542962979982288,0.0735751158678227,0.24977915861334793,0.3795232744559796,103,0.8692487984833959,0.3914358500798116,0.469586555812492,0.7119228323811579,1.7651596863990038
85891,UIRT,UNITED INVESTORS REALTY TRUST,41,0.0032121951219512192,0.08438052558239356,-0.2088,0.0173,0.1923,42,61.83938397619048,15.18912142442841,36.771,60.6002535,94.55531,42,146.63992857142858,40.35525352410481,37.202,163.402,176.654,42,19.585547619047617,7.400665247626947,6.176,23.192,26.112,42,1.4179285714285714,3.132331901493675,-2.809,-0.138,5.613,42,68.52766666666666,21.2660715886364,6.855,74.28049999999999,84.885,42,0.4838687492857143,0.11549358234011649,0.2739479,0.499227285,0.7219691,42,0.025785380935714284,0.02476682437551318,0.0013092665,0.015427145,0.08863137,42,0.034636272307142855,0.02669052094185233,-0.026246449,0.045183595,0.063481055,27,0.039759385904963904,0.030672065018065627,-0.0190985717987409,0.0240512433689052,0.0701820178669488,22,0.23603144783388705,0.10504869972395113,0.0597677993053246,0.23680613125330258,0.3999951837367776,42,1.2007289102070924,0.4246765893696926,0.0724972488359497,1.2708566410120201,1.83486990347565
86001,BTR,BRADLEY REAL ESTATE INC,165,0.008687878787878788,0.08258624596694082,-0.3704,0.0,0.4161,165,184.32295162424242,176.3261869422858,20.8835,121.0455,505.12756,164,273.01570121951215,329.54957649878685,18.981,93.326,996.167,164,43.03875609756098,47.395126015509604,7.183,16.238,156.977,164,13.476573170731706,17.508802052500098,0.67,4.924,65.499,164,127.3727012195122,145.4481348453881,6.043,53.519,445.69,164,0.5232728497560976,0.1661524627789365,0.18818095,0.47375058999999997,0.84759784,164,0.018645336433884146,0.039882351983100264,0.0,0.0076210913,0.21424596,164,0.06256770612804878,0.0376402692921556,0.014286439,0.06097193,0.22011045,161,0.1348465470148462,0.1350952902661811,0.0164492935373296,0.084089823220258,0.5616965036645439,164,0.6914382291094676,0.3014967030011849,0.2111382285890567,0.6410943199084966,1.440136611427583,164,0.5090732413873307,0.26444432226863807,0.0730529760625686,0.5075538110198003,1.1622623870247202
86013,EQY,EQUITY ONE INC,225,0.012391111111111111,0.06244932525020867,-0.2154,0.021,0.2207,226,1663.2610494115045,1162.098855127999,85.11169,1660.4098,4740.443,226,1985.9616371681416,1166.4208066640756,126.903,2083.6445,3502.668,226,212.5547079646018,115.3310313228207,20.545,245.5485,379.335,226,36.12076548672566,25.146604956142983,-17.457,37.26349999999999,80.774,226,906.3159646017699,531.7209494759019,53.493,936.892,1863.118,226,0.47902978730088497,0.051396451258185344,0.37977195,0.478449065,0.584188,226,0.009081880836146018,0.008998343060391718,0.0,0.00626448325,0.03573954,226,0.04876286816371682,0.01385510452802864,0.024170507,0.04772803,0.09491428,213,0.0772677049839855,0.047704710129959874,-0.0025967870577335,0.0766321675223225,0.1911625856939454,206,0.5730123871622252,0.29394238575346404,0.1376187303074511,0.6097945195873831,1.0647457035605787,226,0.611578168515913,0.1414972109975167,0.2623143448345824,0.5942048792432539,1.0902150907795036
86027,PHR,PHILIPS INTERNATIONAL RLTY CORP,52,0.003413461538461539,0.06170624600172938,-0.1713,0.01345,0.2437,53,78.19340946226416,48.258760903840376,13.7992,108.72375,127.5325,53,167.4186037735849,128.91908185777436,2.287,243.21,307.337,42,31.7055,15.87408762309991,3.607,36.131,49.991,42,18.3695,18.84657435295506,1.95,8.621500000000001,49.997,53,59.24339622641509,34.09414328023308,0.247,86.526,90.761,53,0.30371270433962266,0.2735920544824549,0.0,0.4681304,0.59355736,53,0.038543825473584904,0.057035404963675373,0.0,0.017310144,0.227124,42,0.051180471571428576,0.07876622858387716,-0.10071723,0.042651759,0.26716703,40,0.47182722108478536,0.6051076016915197,0.0498333296046891,0.0959771570681834,1.383756868131868,33,0.22459960607729368,0.0747752648363347,0.1230562784658916,0.1968704465867626,0.4281059892433257,53,1.0629822873365382,0.6767559781118152,0.0020705625426871,0.8182197868769868,2.9021066835633764
86111,AMT,AMERICAN TOWER CORP NEW,155,0.010429032258064515,0.0603314976293499,-0.1549,0.0085,0.1717,156,70114.6303974359,32330.220669587547,24638.686,64063.380000000005,133208.6,156,37536.06690384616,18905.941341690082,10895.336,33043.8,69887.9,156,6486.446942307693,2705.1135031886024,2337.975,6726.6810000000005,11144.2,156,1275.5820576923077,694.5087424641248,274.866,1162.258,2903.0,156,5739.345134615384,1576.6644089748374,3263.29,5913.95,8563.6,156,0.6693996182692308,0.06325948436812787,0.53524387,0.68068695,0.7817117,156,0.03591771559615385,0.028905425386637904,0.016333735,0.03232673899999999,0.23099275,156,0.08571948676923077,0.013969458758177828,0.047962196,0.087870505,0.11354906,156,0.2459483660240172,0.12282934624694518,0.1029937887171592,0.2086530921967876,0.5053333858143746,156,0.3040105448039764,0.1250998273372231,0.0722690312896289,0.3349422677124049,0.5605907085266332,156,0.09645280969498582,0.03853355364691923,0.0356305586607398,0.0989095039702264,0.1974112364182987
86169,HGPI,HORIZON GROUP PROPERTIES INC,20,0.035070000000000004,0.14486071749678794,-0.2607,0.00945,0.3304,21,11.775432,1.8050584604589133,10.045,11.12125,18.211937,21,153.99409523809524,35.11726300112917,104.677,153.763,237.336,21,27.14557142857143,6.537430432298528,17.147,29.488,33.317,21,-8.951142857142857,8.215895169034924,-22.025,-5.141,-0.301,17,35.545764705882355,20.57574820489347,2.586,33.298,83.162,21,0.7546453547619048,0.12056427789373546,0.6187262,0.69850326,0.9911633,21,0.04063545852380952,0.010471150885194873,0.01627229,0.040331967,0.05620645,21,0.0364662194047619,0.020388903652167462,0.0100687975,0.035076853,0.08954232,13,1.1173737833031403,1.3255455741874866,-0.1084072112810138,-0.026097590073968,2.4925785295132896,13,0.39542338886002365,0.49162387125522433,-0.2184952105336315,0.6380887555685438,0.9647387695552072,17,2.891587606612484,1.33853336166923,0.2352598738886722,2.995436639347357,6.176275279041688
86313,UBA,URSTADT BIDDLE PROPERTIES INC,299,0.010817391304347826,0.07055915195575621,-0.3159,0.008,0.4763,300,373.68823955,192.29997948262152,36.361874,354.341295,742.5173,300,608.3502199999999,293.90749039183464,146.277,551.5435,1072.304,300,87.49423,36.662562471368396,23.275,84.86,147.749,300,28.664509999999996,12.993137205644969,6.657,27.679499999999997,54.605,300,251.14332,94.20158502978964,85.643,234.82600000000002,409.744,300,0.2716483186,0.04639923523226733,0.13289854,0.27464162000000003,0.36323753,300,0.031775705256,0.03910949643955217,0.002908699,0.015106516,0.20360373,300,0.07764913908,0.013532882408045812,0.052404612,0.07774086699999999,0.12971783,232,0.12437290898581105,0.0370456034510676,0.0640995633843922,0.1167108649413018,0.2363386392327001,280,0.5036783448710089,0.27808708835944707,0.037993401981023,0.5078969038429482,1.0958621448873107,300,0.8657859418771678,0.474410013818971,0.4107850462807634,0.6841843164530392,2.3783977506381166
86339,TWRS,CROWN CASTLE INTERNATIONAL CORP,131,0.007140458015267175,0.0635197422715973,-0.1452,0.0044,0.2613,132,48848.15518939394,17849.575585347382,23705.607,46180.0885,90218.055,132,31567.39243181818,8100.358377200919,15567.572,35281.5,40901.0,132,5114.192068181818,1357.4127861515153,2898.052,5458.5,7150.0,132,795.618,490.7476993447528,90.111,693.0,1707.0,132,8291.081045454546,2182.643861752345,3136.939,7577.7495,12832.0,132,0.6170605790909091,0.08393378258647576,0.48824805,0.6075065150000001,0.76821107,132,0.01912371304772727,0.03211557687561705,0.0071638073,0.012408004,0.22039591,132,0.07406625004545454,0.006449827336832606,0.060095243,0.074060455,0.08691439,132,0.10363335066621215,0.07381276154634162,0.0130093773022595,0.0819906568786347,0.2353863030872904,132,0.24308362359227967,0.17538546584658232,-0.0994690504913119,0.2379997958799471,0.6354522606522435,132,0.18401248110971094,0.056156995446508276,0.0965771197730086,0.18112953748649874,0.2841257782589707
86365,APO,AMERICAN COMMUNITY PPTYS TR,133,0.008463909774436092,0.11681526748645138,-0.3995,-0.0057,0.4444,134,54.78679715671642,35.287745735719064,16.5495,36.218875,139.118,134,204.36596268656717,100.0306078553754,115.06,143.121,365.306,134,54.358358208955224,22.57788842474747,26.8,52.215,102.809,134,2.398768656716418,4.225938100088207,-11.356,3.158,8.642,134,24.33205970149254,10.564088123264975,1.281,26.639,40.07,134,0.7217479524626865,0.08950852386909425,0.58246785,0.6880189,0.88835084,134,0.07861718950746269,0.042208604793866344,0.019487701,0.085492864,0.14933218,134,0.07389668789604477,0.06777158684422589,-0.039556332,0.08446554,0.1895699,126,-0.27567021139237236,1.8411885187079176,-8.468307233407904,0.113201229720269,0.2895799167402548,114,0.33054823329091376,0.2234239584252775,-0.0865183814695754,0.29047747414262326,0.9984989004244668,134,0.6574862804916943,0.4381117648295854,0.0296888584070876,0.6339224719454628,1.422218233549529
86711,BIGT,PINNACLE HOLDINGS INC,29,-0.002565517241379313,0.2803272224126936,-0.5424,0.0077,0.484,30,1126.8807313333334,858.7608404700047,184.0378,748.125,2716.6094,30,1047.5790333333332,450.8453797415575,143.178,1130.504,1481.567,30,94.2963,56.04511393090023,32.019,85.119,184.0,30,-69.35123333333334,31.46986905803526,-138.446,-61.093,-31.642,27,412.45588888888886,193.97556037737832,14.753,396.854,633.602,30,0.642172422,0.09721839171318718,0.5345706,0.610304475,0.84218943,30,0.06121570637,0.05389462355796886,0.0021829617,0.0387306075,0.15817752,30,0.010428524639999999,0.004224918316288122,0.0022699018,0.010547362,0.019801788,14,-0.17317528470080906,0.025225520496064368,-0.2327172848682745,-0.1632516180062315,-0.1632516180062315,10,2.3840665598169286,0.29482302246887476,2.0305615986972,2.361728512750906,2.8591813506976056,27,0.7116794499225094,0.7899369594974648,0.0325134991942686,0.2804314322270471,2.722993171684677
86873,RA,RECKSON ASSOCIATES REALTY CORP,52,0.009359615384615385,0.05434999958372707,-0.0855,0.0076,0.1569,53,240.75831150943398,23.10740972109233,189.77309,244.245,279.59625,53,2835.516113207547,288.8190056072288,1854.816,2904.333,3112.242,53,460.70571698113207,79.7503991794633,266.373,493.875,540.468,53,56.46637735849056,58.25981582539297,-51.974,75.85,116.403,53,971.0399811320755,178.37206558661094,476.264,1040.577,1190.839,53,0.4907502390566038,0.020382184672287883,0.45609078,0.48772204,0.53619826,53,0.012324968733962263,0.0075708575221546575,0.0012664329,0.010726056,0.040736847,53,0.06302343235849056,0.005213253105517141,0.053930897,0.062802576,0.071003914,0,,,,,,33,-0.021301977592741606,0.03177081709138874,-0.0746165192011353,-0.0255895365421247,0.0374272098881913,53,4.068232781830603,0.8130509765536336,1.7057059156469851,4.186076265820885,5.4237833369239175
86996,SBAC,S B A COMMUNICATIONS CORP NEW,95,0.010197894736842107,0.07235840755887935,-0.1634,0.0196,0.1878,96,26339.158968749998,6973.828880610993,12736.881,26251.7255,42386.062,96,9044.791875,1208.8860357672936,7213.707,9375.0205,10604.47,96,2137.988875,374.2113152277594,1623.561,2053.193,2722.654,96,207.83215625,189.135120871788,-15.218,134.026,555.138,0,,,,,,96,1.3674634531249998,0.09935445612059453,1.1409279,1.3942836500000002,1.4816353,96,0.0276988710625,0.01407810942829225,0.013894009,0.0244601995,0.09069533,96,0.11788113090625,0.01521280911188515,0.09053084,0.11749844000000001,0.15285976,96,-0.03541886842607067,0.04268437156691249,-0.0970457264350646,-0.0398805131287046,0.1029549674587842,96,0.27495845373024796,0.15917259856766813,-0.046408306542928,0.2922734119589695,0.5077570986955807,0,,,,,
88373,NNN,N N N REIT INC,457,0.010933041575492342,0.06346639860864436,-0.367,0.014,0.2819,457,2604.9614421006563,2980.4441794675777,10.36,1104.2374,10111.194,457,2759.7007133479215,2863.2386829064644,12.154,1501.369,8727.295,457,249.046113785558,260.58936469123216,1.784,133.469,855.705,457,103.26684901531728,113.31373695569884,1.255,48.42,404.506,457,1403.9852975929978,1419.5226713069549,12.073,764.994,4194.922,457,0.32561750560175057,0.16515689751491539,0.0,0.38494924,0.5034126,457,0.017206065433654265,0.02424615676621727,0.00012956966,0.007680585,0.21662538,429,0.06759245321468532,0.025230820238647877,-0.0029097248,0.06382409,0.13891265,457,0.08699526897432439,0.027391976102582746,0.0372289844047166,0.0839030882742776,0.190116306323668,457,0.3724474847448329,0.28696343513009553,-0.0725817359122342,0.2547646115654618,1.0348082626204835,457,0.7219427306378229,0.2323811472669495,0.262602348004108,0.6736067920504352,1.2979831432729303
89317,TCI,TRANSCONTINENTAL REALTY INVS INC,156,0.007319871794871795,0.10580193572219791,-0.3958,0.0,0.2857,156,53.948106935897435,35.61858145170286,11.545625,40.79375,171.92,156,254.92816666666667,55.31846275624421,177.64,247.964,424.252,156,38.398102564102565,14.401574039948633,23.461,31.803,76.581,156,-3.8449679487179482,9.419646947304836,-17.89,-6.496,23.902,156,119.0803717948718,38.01143157630654,74.97,102.524,203.712,156,0.47577391852564105,0.1713386670984844,0.12578957,0.4641546,0.7497433,156,0.053356990353205125,0.06431983016500595,0.0022704909,0.027485393,0.26617664,156,0.006299166578846154,0.023395245578133994,-0.069601685,0.0092996845,0.036737144,150,-0.0349598877269033,0.07782446967891009,-0.1475757770652064,-0.049800796812749,0.1462737858892643,139,0.8234413637610739,0.559312875985485,-0.0347986201904419,0.7470072621627779,1.7322724737041344,156,3.041681913956169,2.0851207706996027,0.8974696660737193,2.2029441808644648,11.680268743148783
89368,HTG,HERITAGE PROPERTY INVEST TR INC,53,0.014335849056603771,0.05132112360999282,-0.1839,0.0239,0.094,54,1364.965393888889,268.8577337917827,989.8704,1360.8351,1892.2832,54,2202.326833333333,178.74378782119896,1906.964,2224.7614999999996,2466.157,54,302.6742222222222,30.567540546824535,255.832,302.556,351.339,54,25.641944444444444,12.481562485970857,-3.158,28.15,39.562,54,849.7373333333334,136.2920089469388,470.425,884.2725,958.472,54,0.5361940038888888,0.045625706349793266,0.47017032,0.534605625,0.6033259,54,0.004736003342777777,0.006685839713404801,0.0,0.0027960053,0.029944355,54,0.05292525533333334,0.007183100286396034,0.041268215,0.0540656655,0.06233086,40,0.03397330131664496,0.011884004583191306,0.0164385027224883,0.0424978507457703,0.0428505718060175,34,0.3242847363714375,0.07281580702875964,0.1722091666813934,0.32208078502254833,0.4337591480558163,54,0.6377865329977643,0.1359054675235393,0.4413599987954071,0.6304805345715724,0.907605635312942
89379,TRZ,TRIZEC PROPERTIES INC,52,0.01675,0.07667537759549517,-0.1726,0.014849999999999999,0.2226,53,2666.2800566037736,926.9016009112694,1275.255,2504.8477,4550.058,53,5164.631981132075,677.5630105350541,4478.905,4819.307,7254.1,53,802.5589245283019,110.18965267819091,678.724,743.588,1125.0,53,-30.775924528301886,157.5888257798963,-417.9,54.773,156.45,53,2016.1683773584905,220.63220806714875,1663.0,1965.47,2767.264,53,0.5387739375471698,0.05799872214185978,0.4607753,0.52690053,0.6953033,53,0.028404214949056605,0.019500022197912536,0.0056348424,0.022884859,0.07077128,53,0.0598417312264151,0.026623639811549388,0.034166027,0.04587209,0.11645083,40,0.026302028474317302,0.08640365224355072,-0.1000481827644129,0.0517073748324064,0.1036662986461253,33,0.8215336786130303,0.07084409695167827,0.7196674812380472,0.788203330658749,0.9658561735217108,53,0.8594981292216765,0.34793866056558276,0.4702325971917557,0.7687391265675222,1.6250544082278664
89458,AMY,AMREIT,76,-0.0017039473684210527,0.07595773463497442,-0.5342,0.0016,0.1327,77,35.21497357142857,14.24527718983418,14.9436,40.59825,56.0875,77,214.8159220779221,118.65054586770502,38.615,205.475,344.1,77,27.812116883116882,18.884455763916428,5.59,20.826,61.734,77,2.343831168831169,2.9836403603766244,-1.895,1.295,7.496,77,109.07985714285714,61.994608805018004,15.56,104.997,187.285,77,0.45494613753246754,0.06348800948339144,0.29927698,0.45401213,0.5608235,77,0.016098482866493506,0.012476583077172268,0.00061112666,0.013081395,0.062850155,77,0.037647815303896104,0.015949093686124956,-0.0016975412,0.03889826,0.062459547,66,0.026681279164743145,0.025947235382558165,-0.0172485996963827,0.0409664726616935,0.054067330539018,57,0.09038913775907234,0.11886425739612895,-0.075365063312954,0.0883864947810309,0.7314855687345194,77,2.9021968831759852,1.1578239063151652,0.8698866175460307,3.0140406160331232,9.181455500920713
89496,WRS,WINDROSE MEDICAL PPTYS TR,51,0.01517843137254902,0.05425872580046638,-0.1151,0.0085,0.1678,52,159.36140932692308,95.21859870260089,54.074,129.77166,395.42255,52,282.58438461538464,225.25113456920013,1.332,226.749,728.64,52,28.04046153846154,17.82434407391078,4.451,21.993499999999997,74.102,52,2.041,2.255773976996392,-1.199,2.1109999999999998,5.281,47,126.52108510638298,66.75962681071279,56.688,102.711,280.18,52,0.4640912661538462,0.18044550061617828,0.02258152,0.52418705,0.6203263,52,0.04966988975,0.052562203808975895,0.009211252,0.026488265,0.22110318,52,0.007356861373076924,0.027904102158572277,-0.052117262,0.0199828055,0.03116679,42,0.011955290619447884,0.02029201732765825,-0.0169405859490736,0.0122163707198653,0.033943017938797,32,0.5432250700900458,0.08241940784258805,0.464651418105488,0.519840918068211,0.7732138051466089,47,0.7771529539584702,0.15677303409642795,0.4580733076301192,0.7685956146093412,1.077190537016548
89556,MPQ,MEREDITH ENTERPRISES INC,33,0.010839393939393939,0.0714007043881306,-0.1119,0.0021,0.1979,34,13.352342411764706,1.4643399337672047,10.335,13.4807755,16.1205,34,53.44326470588235,6.619395043807956,36.412,54.35,59.436,34,6.666058823529412,1.8398446400349242,2.941,7.711,8.178,34,0.27670588235294113,0.4066615396655273,-0.37,0.192,0.925,34,17.070470588235292,0.8206829098395255,15.787,17.547,17.983,34,0.6548133694117647,0.05118381468760715,0.5233165,0.65764433,0.7076351,34,0.03728869535294117,0.025461829150678794,0.01208647,0.030584812,0.10580221,34,0.02728487561764706,0.01148089532977227,0.005059051,0.029280026,0.046440735,29,0.09162119403510062,0.0391862183664894,0.048784633690294,0.0640823743185947,0.1370085805619426,17,0.4885695286057331,0.0957927850874122,0.3359236904112198,0.5137009200019225,0.6087455256837988,34,1.2927490328213689,0.1448329973563316,1.0057015258769622,1.3038877942991318,1.6273827038355708
89617,EQIX,EQUINIX INC,119,0.01633949579831933,0.06293504348174166,-0.143,0.023,0.2248,120,49175.44356666667,21770.595578988577,12246.952,49491.603,94701.04,120,21754.698575,8066.320462261385,7462.0,22864.419,32854.0,120,5264.465725,1833.8293425555476,2370.332,5398.5585,8457.519,120,381.354625,321.12948692365484,-259.547,388.562,1035.362,120,8111.542925,3381.9780976397783,1488.653,8709.303,12882.979,120,0.5505391577500001,0.024473626533201717,0.5155486,0.54367845,0.62964296,120,0.08500585235,0.05265439432835762,0.030704081,0.0654349075,0.28734896,120,0.08666085805,0.012479910983138815,0.056776926,0.08636887,0.1118621,120,0.03283958456386328,0.051225382432013196,-0.1143312874895766,0.0459646416926466,0.0776031888812572,120,0.3943725755512722,0.22132876263551818,0.0666611577342057,0.37076037724287064,0.9068625398999192,120,0.16700101320371472,0.031058359965112196,0.0648352932079699,0.16985614997875098,0.2433129127016104
89646,APRO,AMERICA FIRST APT INV INC,55,0.02728,0.04117145001449786,-0.0746,0.0175,0.1353,56,131.47827530357142,66.96127856313791,43.129,126.574822,277.39017,38,309.2697631578947,52.77104861540483,164.41,317.358,385.764,29,46.08379310344828,12.634466437881374,36.089,45.3,78.048,29,-9.64848275862069,4.462294658106247,-14.072,-10.593,-0.346,38,92.20605263157894,16.300146515586523,45.422,95.652,110.208,38,0.6671308907894736,0.023895184586533117,0.6125208,0.6718121,0.6990086,38,0.08158262563157895,0.03912535600145545,0.03918199,0.06796325,0.1737399,29,0.03813291727586207,0.004931236986589066,0.0286015,0.03834839,0.045844126,27,0.05651867129032643,0.08233434510947389,-0.0306228680281752,0.1119550217224635,0.1833394268357847,36,0.2908806674799175,0.07264975872127698,0.197538134147892,0.25775537392012715,0.4726306462231008,38,0.573354138691312,0.12701586305441173,0.3694615210941864,0.5499578934439471,0.775259281245912
89768,MPG,M P G OFFICE TRUST INC,120,0.015455833333333337,0.20702522023759753,-0.4735,0.00385,1.0533,121,716.0483439090909,627.9687464750447,50.380047,583.9166,2041.4983,121,3279.8084628099177,1429.8276482557499,622.039,3377.883,6136.513,121,360.8341652892562,126.67727654801573,100.89,372.605,562.199,121,-90.75614049586777,136.92778018657043,-573.94,-47.72,73.442,65,372.57801538461536,144.86046564576938,93.314,412.403,569.855,121,0.980721605785124,0.23482743346864393,0.63167673,0.9043102,1.338455,121,0.06900069703305785,0.026596723292743554,0.028028667,0.0650697,0.15494807,121,0.00822901494123967,0.017193100790146135,-0.03989777,0.005277804,0.040787574,109,1.5343057939003433,4.517219771081135,-0.7505474007012198,0.0622911885524329,15.635259589110412,101,1.5813674088881533,0.6417876599034729,0.6814488850034864,1.894999891664465,2.2522569072144054,65,0.4404389789867092,0.4334990728643936,0.1071284384276135,0.3251069954465187,2.696374916161679
89803,AHT,ASHFORD HOSPITALITY TRUST INC,249,0.00011847389558233076,0.18093614778891992,-0.6447,0.007,1.0543,250,521.954391964,305.29025578019207,18.87012,523.9505,1521.4536,250,3466.056148,1398.9184187340811,92.669,3836.843,4988.082,250,902.047548,436.6668913975813,35.099,908.9755,1501.323,250,-64.364932,146.38333338295246,-562.713,-40.1415,292.457,205,627.5517512195122,341.9270117454571,6.407,628.427,1367.536,250,0.72271670288,0.18526622963455053,0.07104738,0.68863434,1.0333903,250,0.094006711412,0.067825419161063,0.03239726,0.077990495,0.5827867,250,0.0242012382676,0.02555144757740393,-0.066371836,0.029765988,0.07116497,240,5.021871488039671,21.426799318816443,-0.4231648643012483,0.0021669529907855,98.1997057741817,230,1.9222851251441804,0.6494563716517995,0.5401793673518532,1.78547625182594,2.8814245235099887,205,1.4712291756096478,1.8285229439283586,0.0284158194766107,1.0402175277278018,13.139899192529317
89953,HIH,HIGHLAND HOSPITALITY CORP,42,0.018949999999999998,0.05957096710605946,-0.1186,0.0172,0.1785,43,635.0253469767441,249.636315287346,385.67468,513.74896,1184.1415,43,786.959534883721,419.83764766363066,13.212,724.641,1313.197,43,178.96137209302324,134.98785471593595,10.339,164.284,424.427,43,7.059697674418604,8.450222545772963,-2.78,4.266,21.984,43,382.47806976744187,147.04473597682784,0.069,355.263,541.788,43,0.417834922,0.2378654795364825,0.0,0.4762788,0.90107477,43,0.16689711048837208,0.16520227004046736,0.0377059,0.10083164,0.59456426,43,0.03381401413953489,0.023145086104214275,0.001262227,0.031399384,0.0835604,37,0.010139954948940579,0.015112807404313623,-0.0078251886630468,0.0122770362440212,0.0622014095832742,23,0.46688102170501566,0.04386221275756232,0.3769986051568456,0.4685368618670564,0.5656184205437248,43,0.6225504010683185,0.2361148941893168,0.0001474423128388,0.6521857459749538,0.884402108766354
89987,GPT,GOVERNMENT PROPERTIES TRUST INC,38,0.001249999999999999,0.06635066447049098,-0.1686,0.0039,0.1729,39,206.19984692307693,22.931385951295198,175.32901,202.23901,285.5477,39,291.47853846153845,137.57986482572798,40.186,306.405,453.294,39,18.587846153846154,14.451298259905963,1.865,15.053,44.066,39,-2.160461538461538,1.253096162272806,-3.403,-2.873,-0.297,39,141.54492307692308,58.48203325916009,7.658,162.387,180.992,39,0.4831599930769231,0.2227085294957343,0.11550178,0.54661125,0.79691935,39,0.20926465846153847,0.2256715904777059,0.024135912,0.070510864,0.7038228,39,0.005514674376153846,0.017967289007547835,-0.0346339,0.0077636857,0.037825678,22,-0.01560480788004841,0.00034892915477608875,-0.0159160117165975,-0.0159160117165975,-0.0152313632761895,19,0.5518722262970702,0.09525724192586814,0.417156729199395,0.5834039545111178,0.7075717137329587,39,0.7116268026827575,0.3016236965150536,0.0268186377533546,0.8384039951647517,0.9320136099202329
90037,HTH,HILLTOP HOLDINGS INC,28,-0.012989285714285714,0.0812455051259736,-0.1447,-0.0126,0.1547,29,524.8321396551725,113.14973274263161,365.96976,519.9173,759.0429,29,1678.1637931034484,259.0588991679275,1122.831,1791.285,1836.165,29,206.60727586206897,38.59220064514939,157.557,220.567,256.78,29,-84.7174827586207,47.585816216314996,-174.192,-64.289,-37.537,29,465.2475517241379,135.49518780558384,265.345,511.702,635.762,29,0.5973308420689656,0.06166932179548992,0.5275009,0.57915574,0.7013243,29,0.02783292572413793,0.011402553268270494,0.010868879,0.02637827,0.050505985,29,0.009583493851724138,0.005015548053911056,0.0015790021,0.009491638,0.0185794,13,-0.19016430487334307,0.11341490825194742,-0.5676319360466726,-0.1587086689422323,-0.1587086689422323,9,0.38097826565480924,0.12638776660377943,0.1610328084876624,0.408999461160431,0.4947577054821361,29,0.9253535412863985,0.29108175237131245,0.3636751262934052,1.0111630004810934,1.3282846451427166
90092,SUNH,SUN HEALTHCARE GROUP INC,169,0.010618343195266272,0.09007989420562063,-0.4414,0.0084,0.2751,170,2322.1081611764707,1269.16659359142,293.73755,2635.4446,4764.9463,165,3827.7735090909086,2371.2136283614204,595.802,5351.116,7032.277,153,401.96049019607847,217.6578274586693,84.225,509.529,665.991,153,58.25494117647058,105.56498267724878,-127.694,44.252,402.421,165,1955.762909090909,1334.5300441261534,175.842,2761.975,3503.404,165,0.4964372423636364,0.07378231829193795,0.38256875,0.49066082,0.6460787,165,0.026098408123636365,0.033289063681393775,0.0049442993,0.0109467665,0.14169954,153,0.054715542343137254,0.012770612494744352,0.0140694715,0.056034073,0.08189316,158,0.04233926601393567,0.03708688525343743,-0.0335123523093447,0.0479959360185756,0.086114674077637,170,1.0366602278947308,0.21936971587132653,0.6306087001448374,1.075872350299551,1.3870019622957093,165,0.7383290646952221,0.2838057535857039,0.2603307331428641,0.7435475102276098,1.462293748580687
90206,GSL,GLOBAL SIGNAL INC,30,0.03596,0.0731617273226076,-0.0785,0.0397,0.2206,31,2516.3647822580647,980.3819733649656,1003.94965,2937.6206,3899.6497,31,1502.3440967741935,816.5650289621093,525.04,971.641,2406.641,31,265.9475806451613,114.13219509696471,168.234,191.529,479.903,31,-16.42448387096774,34.97094917010495,-83.401,2.714,19.438,31,291.231,160.3772499620816,52.261,225.453,521.898,31,0.7296072632258064,0.06929249789592389,0.5032969,0.7399454,0.81384236,31,0.03779148490645161,0.023427996014370192,0.006488197,0.02691749,0.076451786,31,0.07884143232258065,0.028538506917267874,0.036504716,0.08919035,0.1127876,19,-0.003972563011711332,0.06568518643705122,-0.0876808572140983,0.0448572752730144,0.0448572752730144,11,1.4744509434462358,0.025153700726934437,1.437263199282371,1.4837227089621885,1.5065545157998534,31,0.11439981481240315,0.045571172806463466,0.045123871622122,0.117416880545986,0.2102429013877059
90208,IRC,INLAND REAL ESTATE CORP,140,0.006486428571428571,0.07101284229859975,-0.2644,0.01145,0.2499,141,920.4427311347519,177.82282379929748,472.79666,977.74097,1370.9362,141,1313.3094255319147,137.88551781507698,1152.09,1269.161,1592.154,141,180.45152482269503,20.468608240628097,144.706,183.764,217.523,141,31.746198581560282,30.112545799578495,-13.263,37.931,116.113,141,397.1285744680851,47.53636963304052,297.969,397.889,486.006,141,0.6030173173758865,0.043371713647043356,0.524345,0.5959836,0.6814944,141,0.016156949075177306,0.01259945471069277,0.0041878517,0.010810931,0.06621757,141,0.058898182212765965,0.010095647256042015,0.039199874,0.057939,0.08051792,129,0.08667605467670128,0.07162793537120309,-0.0210366032210834,0.0963775523501457,0.2507116111594996,121,0.6975228577366568,0.11793381415026508,0.3888162266872114,0.7419306040426643,0.8772274207230839,141,0.44499427427774035,0.08780055436173928,0.2911933791963802,0.4340973357239696,0.7469596052149688
90217,SLH,STRATEGIC HOTEL CAPITAL INC,134,0.021924626865671645,0.17275956582616836,-0.798,0.011300000000000001,0.8905,135,1350.9391242962963,980.6930717594182,74.41,1227.8971,3994.3943,135,2478.6762518518517,765.6094196768976,890.289,2447.71,3791.011,135,758.1575185185185,204.5124987580258,381.591,758.496,1300.712,135,-61.96550370370371,156.73857134498445,-459.064,-45.008,185.713,135,605.5062444444444,378.6073871038493,139.068,464.822,1624.535,135,0.5196021637037037,0.0770136844610616,0.30757788,0.503374,0.7857456,135,0.06339222494814815,0.024602968686880878,0.031784818,0.05397288,0.14481908,135,0.03448399760148148,0.017509984254859837,-0.024809763,0.036297217,0.061679326,123,-0.24103372790282748,0.4622041452865661,-1.1558142509914289,0.0254661051361479,0.2379918712611151,115,2.143571570248757,0.5499534191242306,1.221702142584203,2.39216609431264,2.8319547688735582,135,0.8798828212636989,1.591099595730649,0.1648457154125567,0.4166463609390558,12.55472411617222
90300,ACC,AMERICAN CAMPUS COMMUNITIES INC,215,0.012043255813953489,0.06792375287263956,-0.3612,0.015,0.2717,216,3638.120606111111,2430.76738396485,214.17001,4018.08335,9111.029,216,4213.284134259259,2606.3010967723485,330.566,5160.141,7668.982,216,517.5130277777778,317.9823530997807,56.925,524.757,984.351,216,43.13575925925926,43.603080971123276,-20.204,40.962,136.184,216,1952.8085555555556,1279.4364983143844,27.355,2578.478,3614.147,216,0.5093560060648148,0.08017831863923464,0.3623131,0.50328515,0.837514,216,0.02478956721527778,0.01979798888278446,0.006305621,0.017384395,0.10218108,216,0.040310766666666664,0.010206298769615227,0.013884491,0.044065066,0.053506073,206,0.021851351473364065,0.021424731840480014,-0.0165675952811224,0.0240803600921843,0.0611599192365362,196,0.5329338966293612,0.3187948909855976,-0.0127471714196622,0.6607036851178608,0.9647152215356672,216,0.5351783745332628,0.1480109287492342,0.0964184201302857,0.5372377092830394,1.114626085320008
90301,BMR,BIOMED REALTY TRUST INC,136,0.012013970588235293,0.10667999650932108,-0.4688,0.01865,0.6854,137,2348.186014087591,1221.0013591108968,485.16074,1987.0576,4957.629,137,3530.712102189781,1780.4253094650642,49.791,3311.912,6338.209,137,354.8401094890511,197.58624852899044,6.949,357.87,684.779,137,49.55270072992701,43.644297169808375,2.371,42.189,197.232,137,1717.7144379562044,870.4237567437707,12.58,1595.176,3082.099,137,0.4198958681021898,0.09888117006409389,0.10488606,0.43019012,0.7404122,137,0.01473170492919708,0.01822441025637094,0.0011447852,0.009221583,0.08861579,137,0.04179325032116789,0.005685656810300807,0.02404237,0.041956235,0.04927832,127,0.028954528746494422,0.018151251301603468,0.0051741783776664,0.0233355008727198,0.0645278591867567,117,1.2711197623402963,0.3230179846342558,0.5481470149221317,1.448080440902426,1.7842442981514486,137,0.7515119621011451,0.3104593308494158,0.0182262582755282,0.730737887713769,2.3196628548093225
90305,EXR,EXTRA SPACE STORAGE INC,244,0.016437704918032786,0.08016699579293221,-0.2507,0.0165,0.2904,245,9471.643305142858,9531.68819042519,388.332,6748.5376,38187.49,245,6071.390097959184,5902.163854457995,476.645,4208.89,27762.08,245,851.5728,727.2095610780461,40.182,652.265,3318.689,245,273.12743673469384,288.3207033034332,-26.288,178.355,924.855,240,2284.397775,2913.453652893361,235.876,1741.06,14537.121,245,0.5796378662857142,0.06445446327830437,0.4052195,0.5920893,0.7388909,245,0.029926259106122448,0.0378278299202488,0.0020154933,0.01625831,0.22392099,245,0.05994792493840816,0.0292395441584931,-0.02221753,0.06520846,0.10228814,235,0.10148648485240068,0.08850553934463046,-0.0757859995812928,0.0906974707011756,0.2655703713401204,225,0.6115937129886178,0.4179935006727722,-0.0687589745612946,0.684660729251166,1.1959116443379192,240,0.3789469066628968,0.27406127912037703,0.0961137884205891,0.2918659275425576,1.7540262444989545
90307,KRG,KITE REALTY GROUP TRUST,244,0.006797950819672131,0.10221861887721974,-0.4286,0.0052499999999999995,0.4908,245,1554.0941429387753,1573.0389887345566,83.75815,859.58594,6056.1914,245,2698.898742857143,2106.089886744245,223.839,1763.927,7639.575,245,268.0797346938776,215.94006983615446,30.611,152.034,827.556,245,-2.82334693877551,28.232299556573338,-122.187,1.76,56.263,245,1193.4146816326531,1149.0684319783684,3.846,651.114,3922.047,245,0.5134433393061224,0.07972407524646719,0.38833916,0.4869215,0.8256381,245,0.019776598850612247,0.018706513996648765,0.005966235,0.013590422,0.124474496,245,0.03404371543469388,0.012603917500473455,0.006398319,0.033966646,0.05890411,235,0.004318068412754358,0.022207728573281377,-0.0329630035994776,-0.0031737743029498,0.0520870647053612,225,1.1572022705128062,0.4103497087000902,0.2888846586115028,1.257978910572447,1.74511002058533,245,0.8642950246410241,0.3948430880739124,0.0152742580986496,0.7971692148186906,3.0179750102892298
90373,DLR,DIGITAL REALTY TRUST INC,242,0.017080578512396694,0.07083120601628932,-0.2914,0.0179,0.2127,243,16630.32919851852,15652.615162024249,240.0,8968.166,64912.918,243,15176.802629629628,14003.257750663457,731.237,9526.784,44113.258,243,2000.985024691358,1630.55705367631,73.821,1565.36,5515.701,243,327.5749382716049,363.72538024391247,3.883,248.259,1709.259,243,6145.521209876543,6709.524208971539,166.78,2890.516,20937.902,243,0.4800894114814815,0.05147718781472243,0.39958766,0.48211497,0.67058915,243,0.014002113009876542,0.01380285248800631,0.0006158095,0.009592496,0.08407783,243,0.05773380382716049,0.013242516308700656,0.03384932,0.05906246,0.08860645,235,0.06616194937421162,0.027352189919530825,0.0212562274266872,0.0707326682296074,0.1078607599929347,223,0.48103782376890175,0.43208168546526615,-0.2200936429544709,0.3040639800428398,1.2771371280854282,243,0.3358456831647218,0.12471641156494677,0.145820882737993,0.3217454995687134,0.909595807393392
90375,EHP,EAGLE HOSPITALITY PPTYS TR INC,33,0.018769696969696967,0.07778832047955722,-0.1861,0.0084,0.1924,34,173.0083523529412,29.121506341459728,132.48732,164.490885,251.35295,34,361.42720588235295,108.69813577637548,177.022,422.036,464.004,34,112.63608823529411,26.77580281609729,74.655,105.328,154.807,34,6.330088235294118,4.051536464016008,-0.717,5.212,11.46,28,162.6745357142857,36.35867011735138,92.395,180.468,188.189,34,0.6227312705882353,0.22679858783191725,0.4924099,0.51823807,1.1079075,34,0.036568468852941176,0.023364968410070915,0.009126625,0.027900487,0.08107091,34,0.05526599538235294,0.016825965316628597,0.036456354,0.049355447,0.078464285,26,0.03638582332889113,0.01073019847675364,0.0271416367322992,0.0409042274434448,0.0647405182211206,14,0.5545084715544266,0.02396524417428056,0.5100501643787161,0.5569981568058671,0.5947406840603339,28,0.9496802602410688,0.2701942818022134,0.5196952623362462,1.0584649429559514,1.4204301502652774
90394,SHO,SUNSTONE HOTEL INVESTORS INC NEW,242,0.008941322314049588,0.12301146333211109,-0.5148,0.00735,1.0114,243,2036.7771485390945,956.8704110181327,118.058525,2048.028,3923.4448,243,3118.4713086419756,648.38453594635,1253.745,3101.24,3972.833,243,867.3093456790124,270.6610103984101,127.478,901.915,1252.465,243,52.196148148148154,134.06967679606416,-404.689,42.765,344.908,243,1520.1665185185184,677.6251278077348,370.342,1783.45,2521.72,243,0.4042281133333333,0.13458812825820793,0.20356007,0.3721948,0.66101104,243,0.09634181527160493,0.05305027477863916,0.023165485,0.07671334,0.23711555,243,0.051175450291358025,0.028333150526431285,-0.052235868,0.05632932,0.08636882,235,0.02392620305767847,0.12226197990649373,-0.3794532713502984,0.0483941163523424,0.1589142835967227,223,1.531647314038525,0.5911836016059845,0.8721588807792072,1.1707313167039577,2.69084847743637,243,0.8550716937232126,0.6166605358844424,0.3827357647852206,0.7302153614910522,6.303509157716921
90498,TSRE,TRADE STREET RESIDENTIAL INC,27,-0.005074074074074075,0.07937711156533625,-0.1193,-0.0176,0.2765,28,216.62810514285712,85.28376354844112,72.59877,259.40746,293.708,28,474.87692857142855,124.56060842132639,291.91,500.83299999999997,615.896,28,35.31921428571429,15.455522600069852,15.783,32.162,61.203,28,-21.394178571428572,11.523778370391119,-41.932,-20.366,-9.047,28,157.8570714285714,68.77127032466962,35.118,156.168,243.847,28,0.580522530357143,0.03254575836350444,0.5375636,0.571979325,0.6438618,28,0.03441341096428571,0.019772133689716826,0.02009167,0.028445066499999998,0.08753373,28,0.005003694053571429,0.01151395993809649,-0.007832089,0.0003028878999999998,0.02649349,15,-0.13095276118475774,0.007628930430121153,-0.145693255189205,-0.1272676376836459,-0.1272676376836459,28,0.7088899168064448,0.11532130744070931,0.5062141532304287,0.7195724269343702,0.913818879473166,28,0.7883808738959965,0.33962270686378215,0.3240145916667014,0.7904800181914101,1.649477081467071
90506,SOHO,SOTHERLY HOTELS INC,230,0.008896521739130433,0.16427074144350565,-0.6628,-0.00275,1.4341,231,55.5865283982684,25.98561668299069,11.21204,53.72763,104.07177,231,304.2065974025974,136.08471606350594,30.215,299.82,501.942,231,110.07579220779222,46.43561638881096,25.321,89.846,186.232,231,-2.0844285714285715,12.558887221643593,-49.194,-0.468,34.598,227,46.6471718061674,21.062309992767023,7.771,41.892,107.694,231,0.7052103364502164,0.15488158661910673,0.25837812,0.75734305,0.97831386,231,0.060705289272727274,0.023269616665776448,0.015913697,0.05866057,0.13180208,231,0.037616752391774894,0.02759987901770154,-0.028960828,0.038801923,0.106770836,225,-0.09948312606475959,0.3878648035638038,-1.2356156637293247,-0.0164670246454633,0.6231351144307191,211,1.3438430849919798,0.6001907726591077,0.1524820252748597,1.5401808788432991,2.2089113726064173,227,1.0612778027212577,0.686262527064764,0.0772852862181569,0.8769729591822789,4.540525432909912
90514,SFC,SPIRIT FINANCE CORP,31,0.011035483870967741,0.04684891708735715,-0.0935,0.0139,0.1533,32,1055.089641875,325.1005108418133,700.04297,964.0577149999999,1661.0776,32,1573.47796875,869.9709800357817,277.875,1404.63,3132.465,28,97.07357142857143,57.12765789225013,26.228,84.501,217.032,28,24.84232142857143,10.403252931632672,8.972,24.656,47.321,32,687.6883125,210.68402184228663,276.902,612.017,1062.856,32,0.4567274178125,0.19148966320811028,0.0,0.54268345,0.6421489,32,0.07793079428125,0.12295453986648952,0.020837504,0.037308212,0.71646965,28,0.030607147214285712,0.006306049757742386,0.022297876,0.034663007,0.036611915,26,0.032757243747963925,0.016582647811495033,0.0152662143974082,0.0469286918030408,0.052674731520837,12,0.707546025110088,0.04633579679759744,0.5937379814130647,0.7203423614210493,0.7496902677136774,32,0.6582891547934203,0.12230285578255988,0.344678353020321,0.6480987179334304,0.8646626054740645
90545,NRTI,NOONEY REALTY TRUST INC,96,0.010812500000000001,0.07697082598382052,-0.1592,0.0,0.2756,96,15.437081557291668,2.6401452991134797,10.14,14.891579499999999,20.672,96,41.02702083333333,15.371684943413378,17.366,38.198,72.7,96,6.224458333333334,2.521694020908904,2.134,6.0169999999999995,11.836,96,-0.22872916666666668,0.8510422647574614,-1.586,-0.3335,1.42,96,11.204625,1.3506049112585774,9.423,10.891,14.552,96,0.6257085473958334,0.1695846760742603,0.21308006,0.66475553,0.8162586,96,0.07397825696666667,0.0589266880422555,0.0032814876,0.069861256,0.251248,96,0.04436174544791666,0.033685948507712955,0.013162757,0.03488197,0.1483477,96,0.04204918441643077,0.08804129951506001,-0.1617319325055714,0.0195044283013235,0.1718737450807164,90,0.09311320248508985,0.08733929776491338,-0.2253958789661774,0.09542168553657876,0.3248197036726507,96,0.752323508408225,0.17975422365556992,0.4861164757341792,0.7201173195678093,1.116493623794611
90680,DRH,DIAMONDROCK HOSPITALITY CO,235,0.008086808510638298,0.11173131441146096,-0.443,0.0034,0.6185,236,1727.396797881356,568.3709156715314,278.2545,1818.31995,2921.7861,236,2696.684724576271,712.05479815762,391.691,3016.159,3671.041,225,743.1093999999999,210.79456566264184,203.376,806.016,1109.65,225,25.111253333333334,128.4383279584464,-530.663,52.929,183.487,236,1461.0413559322035,431.92299058507876,190.875,1588.788,1941.184,236,0.3694052811864407,0.051314430718661624,0.24218787,0.36411166,0.5476812,236,0.05948329240677966,0.0545855358898984,0.019767307,0.045212507,0.44493768,225,0.047076022162533336,0.025687260005796787,-0.0430497,0.051018026,0.078892015,223,0.014776545505815275,0.07709210661368229,-0.230485646040673,0.0466217748501378,0.095941416687146,216,1.555330816589028,0.3243233957975042,0.5440203965392884,1.567910637735087,2.126768988804227,236,0.9104070251192359,0.41218117320474856,0.3145895379097905,0.8511879644651708,3.6023603781424693
90749,COE,COLUMBIA EQUITY TRUST INC,20,0.01583,0.0489343609768282,-0.0694,0.013399999999999999,0.1146,21,225.11794666666668,25.730877302179238,185.16705,223.88745,270.60577,21,179.12642857142856,125.99247390244048,7.014,243.33,315.864,21,12.95704761904762,8.820062621524805,2.323,12.761,27.951,21,-0.7982857142857143,2.4184583755536737,-4.637,-0.552,2.536,21,115.21614285714287,78.76921411013679,5.622,166.006,175.036,21,0.1747482641857143,0.14985245971134936,0.0076290583,0.20284387,0.4059912,21,0.07755968457142856,0.07237846161170533,0.03135686,0.03633896,0.23090616,21,0.12070791995238095,0.09095139550046491,0.025434595,0.04680812,0.21357286,9,-0.0032041793643883,0.0,-0.0032041793643883,-0.0032041793643883,-0.0032041793643883,1,0.5262567922872092,,0.5262567922872092,0.5262567922872092,0.5262567922872092,21,0.49265045258085777,0.3391484921153875,0.0281727276707363,0.6352653649296975,0.8186405267433534
90755,FSP,FRANKLIN STREET PROPERTIES CORP,234,-0.0006388888888888893,0.09554281012719106,-0.3512,-0.00075,0.4138,235,903.8556315744681,353.64022292887904,119.75375,984.06036,1489.6243,235,1462.434089361702,433.08104725174894,573.111,1395.934,2088.133,235,183.74354893617019,63.142840764920074,78.684,165.615,275.663,235,20.15439574468085,27.031897199688213,-70.671,22.061,95.019,235,853.9526425531916,109.41322680870081,498.157,871.292,1081.044,235,0.3341842439446808,0.17121591118999083,0.0,0.34536687,0.54336166,235,0.02480367078382979,0.026969235984966724,0.0015745587,0.012598302,0.10936177,235,0.04901447592127659,0.020132074979312232,0.0095365355,0.047246594,0.107708625,223,0.03533967546404077,0.04361033524185737,-0.0674939148855577,0.0239735317798771,0.1203184079170291,215,0.7480991005697576,0.20271443951764337,0.2361718429688779,0.726840774357853,1.2084130531293005,235,1.2661744018982595,0.9817411679023014,0.433182271333114,0.9134138363200264,6.419306058295723
90790,MPW,MEDICAL PROPERTIES TRUST INC,233,0.007781115879828327,0.10262799529229322,-0.3686,0.0139,0.463,234,3833.7330219230766,3653.3781525077156,273.39963,2554.0915999999997,14090.568,234,7013.534538461538,6927.20266324506,326.304,3468.6899999999996,20519.8,234,545.5651923076923,523.7361171996016,18.688,308.1495,1646.309,234,180.17080769230768,441.6047491900069,-1743.493,71.4425,1249.607,234,3162.733487179487,2983.481633168119,232.494,1421.9675,8913.453,234,0.45197928910256413,0.1063469837365472,0.09352793,0.47273555,0.597182,234,0.04328299182948718,0.04888224989217356,0.0018549194,0.021796896,0.25146183,234,0.04294139133333333,0.0091656548822657,0.024897585,0.0414154365,0.08099204,223,0.06847082779371688,0.0482627390726636,-0.0729173436762933,0.0664035222911636,0.2235893671318121,214,0.8741483992528222,0.35655543452390764,-0.1054512584822391,0.8417291366741417,1.4361070437265429,234,0.8948921460187503,0.5959978390706689,0.4349854431555053,0.6828038759197572,4.461484341341753
90921,CSA,COGDELL SPENCER INC,77,-0.0045298701298701295,0.11425809549221982,-0.3952,0.0185,0.2157,78,221.67120435897436,66.30338671415527,90.3312,211.90625,366.33615,78,598.4655,220.99677597517592,177.585,673.0905,913.228,78,151.95053846153846,100.66752292322735,45.179,166.9495,362.722,78,-30.44669230769231,39.59167769374512,-109.02,-7.9799999999999995,5.555,72,154.35358333333335,64.87629517907114,59.675,129.86,245.062,78,0.6126116942307692,0.1806035278103067,0.47961754,0.566636825,1.2151701,78,0.032374689615384616,0.021731937942375806,0.004777956,0.031403887000000005,0.09256552,78,0.041899651769230765,0.019370200484764462,0.011843145,0.039148706500000005,0.09047499,70,-0.21960232847923497,0.2692764272295496,-0.8158279144284234,-0.0551223540661537,-0.0226334301881021,58,1.0801183467723983,0.19043842519072146,0.913848270107576,0.9801239020015274,1.588502154557904,72,0.7263390694419046,0.43870859760046715,0.2351290914365946,0.6311871496190706,2.678277487997964
90997,NKT,NEWKIRK REALTY TRUST INC,13,0.02173846153846154,0.048707058668149575,-0.0853,0.0279,0.095,14,326.4964314285714,17.925137814813564,299.34375,329.66562999999996,350.49374,14,1308.0075714285715,115.18282850903029,1154.483,1345.084,1428.054,14,208.15485714285714,15.96724775117029,193.295,205.167,235.999,14,41.258714285714284,16.625103994717296,24.927,37.241,76.822,14,187.36835714285715,15.00837840677996,176.041,177.154,209.116,14,0.6294188092857143,0.08336124949635688,0.5613233,0.57588094,0.74915177,14,0.07516151842857144,0.0492131053573168,0.02149696,0.044850543,0.14872603,14,0.11230226964285715,0.009709542009377937,0.104478545,0.10591383,0.12483743,7,0.2528956322674832,0.0,0.2528956322674832,0.2528956322674832,0.2528956322674832,0,,,,,,14,0.5765996777625563,0.06848034488670215,0.5068421175725163,0.5480934639040199,0.6985814713500887
91058,RPB,REPUBLIC PROPERTY TRUST,21,0.01560952380952381,0.06192923303870237,-0.0784,0.003,0.1475,22,309.31678227272727,33.76715366939283,257.36414,300.271385,382.75497,22,525.2146363636364,113.25714282637898,312.564,556.371,656.072,22,50.23368181818182,14.173749023110645,31.18,51.196,69.918,22,-12.116681818181819,6.364285882854517,-19.827,-16.106,-2.426,22,169.12581818181818,56.64997799153642,52.614,195.211,207.655,22,0.5867329295454545,0.12329627936183049,0.4456098,0.57276744,0.8158386,22,0.038078691136363634,0.02124990191791039,0.015257472,0.026164614,0.081701085,22,0.013682108613636364,0.020113577237198782,-0.0068524606,0.0051788283,0.03835914,16,-0.08185039368865506,0.03331914037807378,-0.1004763593979628,-0.1004763593979628,-0.0259724965607318,2,-0.1540202581409694,0.006074624111834946,-0.1583156660436072,-0.1540202581409694,-0.1497248502383316,22,0.5560045937542847,0.20367950043255387,0.148954454167292,0.6368758045343589,0.7747042622629281
91519,DEI,DOUGLAS EMMETT INC,218,0.005386697247706422,0.08543693638420667,-0.3459,0.01145,0.3123,219,3914.6151229680363,1720.1250795605506,901.41003,3492.087,7727.6304,219,7322.884999999999,1622.0837493619474,3002.164,6747.389,9846.079,219,723.0701506849316,180.663118564523,393.788,638.573,1027.584,219,48.08645205479453,87.28733462037646,-59.307,44.621,363.713,213,2121.3994507042253,275.4286249994341,1775.189,1986.279,2712.072,219,0.5474080401369863,0.05092008996733041,0.44994336,0.54647774,0.76794606,219,0.023503898306438356,0.018140627632951045,0.00033467688,0.020662142,0.06569916,219,0.04032310110958904,0.009049813019329727,0.023647938,0.042893358,0.054510586,211,0.020401290029816728,0.03581042397795257,-0.019238132820869,0.022959590585441,0.1341089027134973,199,0.9567327168138842,0.2921942537498026,0.5196559180186283,0.8689935398388998,1.6915373358473824,213,0.6589652509659624,0.3287353993519859,0.2903949377145655,0.570112972100459,2.1523878811649944
91635,DCT,D C T INDUSTRIAL TRUST INC,139,0.009657553956834531,0.08150274911200295,-0.3204,0.0123,0.4196,140,2426.075346857143,1477.2695879364685,511.41174,1902.26705,6298.82,140,3106.9611785714287,442.5855635256454,2622.784,2847.9645,4055.841,140,289.9450285714286,66.46428081069277,172.055,254.073,434.368,140,2.9178357142857143,69.35627734699469,-163.893,-10.2015,137.358,140,1427.1936642857145,282.24518769133186,1120.011,1267.4205,1987.459,140,0.4391465955714286,0.021346932729874597,0.4082373,0.43153328,0.5192063,140,0.009843194115,0.008459490420782029,0.0012192599,0.007448648,0.04807519,140,0.046413012107142854,0.009362625084518454,0.03126427,0.0471415825,0.06817726,134,-0.0012449281777232033,0.048735578610914626,-0.1285992919198963,0.0084695596739674,0.0536808555329272,120,1.0079756965490223,0.2432115724110075,0.3635380639367752,1.123926984216519,1.3670215673684791,140,0.7559038230872457,0.34907676191156556,0.3106278653720961,0.6551662169387915,2.244496984230771
91801,TTO,TORTOISE CAPITAL RESOURCES CORP,126,-0.008021428571428573,0.1592139353735811,-0.4734,0.00975,0.8973,127,259.39253223622046,171.65664080716323,15.965039,240.35472,651.9809,127,498.6696614173228,164.7888632689231,111.432,504.503,696.478,127,72.50679527559055,36.19058039998687,10.182,87.275,138.793,127,-16.63343307086614,88.87150945370965,-309.089,10.175,43.712,123,223.3888536585366,137.77922330204981,6.391,307.407,377.352,127,0.2864834988472441,0.10956144864403275,0.0010768899,0.24687539,0.4624733,127,0.10273539162992125,0.14934364111278553,0.012132472,0.036022894,0.6241654,127,0.06721300432677166,0.031270725611795495,-0.0076969955,0.07854066,0.16370083,126,-1.224513278477848,3.754766717568664,-12.684086199751349,0.0323137150819454,1.889086332000592,127,1.0967389786598551,0.46246408205878503,0.2501479124234773,1.0154151127010826,1.963879492696721,123,0.8070085715114687,0.48744653159768625,0.0909117551599744,0.7552737426732237,2.8118621576617078
92331,DFT,DUPONT FABROS TECHNOLOGY INC,118,0.024199152542372884,0.14495650894821926,-0.6565,0.02715,0.8019,119,1688.8584086134454,1041.599895866101,73.47465,1561.1526,5064.4883,119,2353.639831932773,634.353137476431,125.409,2520.429,3178.012,119,298.67653781512604,134.88736494658687,23.236,297.633,544.036,119,35.32188235294118,57.5164686344049,-100.925,43.776,164.543,116,757.4768793103448,158.51132071639196,237.588,791.879,984.728,119,0.3625479203361345,0.12570461192849625,0.20404908,0.35139793,1.002767,119,0.034750014433613446,0.03784764683882289,0.0031471425,0.020851659,0.14918645,119,0.05204865869747899,0.028322071596925177,-0.008442704,0.050219737,0.095430456,111,0.02872885812716252,0.0864234479884381,-0.1810076886793298,0.0345582602427879,0.2052870903373416,99,0.9383329218152149,0.46897219451146405,0.2221086635697166,1.152311096912736,1.7249865666408084,116,0.7468526958125885,1.0346135885197587,0.1525048400818883,0.548931880160434,7.574762052425486
92343,ROIC,RETAIL OPPORTUNITY INVST CORP,182,0.008523076923076923,0.07062477939444049,-0.434,0.0054,0.334,183,1509.4754087431693,646.5724835915903,395.05725,1663.8176,2485.4792,183,2089.636639344262,1016.7602926708768,400.025,2662.969,3167.187,183,194.24408196721313,113.22512964530684,0.0,237.189,335.046,183,27.996081967213115,18.568276566420764,-11.139,33.266,57.734,183,936.5368524590165,351.8751556013398,278.116,1158.361,1302.233,183,0.38022823147540985,0.15442403827589776,0.0,0.45623627,0.52050686,183,0.09259653304098361,0.24779273238184632,0.0007019688,0.006415484,0.9962649,183,0.03321129145245902,0.017954692313072576,-0.022526825,0.039843466,0.051374093,183,0.024674057347083098,0.0179167562143532,-0.0235211391403709,0.0266882747156649,0.0500101312926789,183,0.5778752554750284,0.529416084538973,0.0478834010092651,0.3763935872385606,1.4013705378189107,183,0.6588684029311327,0.14937641336881946,0.4182846987972742,0.615778685717104,1.2160000110210891
92690,UMHI,UNITED MOBILE HOMES INC,437,0.0139954233409611,0.07231119564564951,-0.2516,0.0077,0.3125,437,257.6811376979405,329.0176577973259,10.0275,124.6863,1544.6261,437,340.8745080091533,431.53054118792465,15.162,114.783,1441.295,437,60.20040732265446,62.098250280708,4.437,35.506,234.619,437,4.927439359267735,10.80493220111727,-36.216,4.234,57.323,437,78.62855835240275,94.01799434814149,2.319,50.881,446.241,437,0.5759680437299771,0.12322980271804618,0.39566892,0.54871255,0.87449944,437,0.028528795344324943,0.02926207700572933,0.0,0.019509323,0.21481569,437,0.06984823073221968,0.04339694425171017,-0.0059370995,0.056251265,0.17881428,436,0.10327388060314943,0.11805639430622314,-0.2664547742020924,0.0927177177177177,0.2772597772597772,437,0.5614907151664343,0.35506944784996647,-0.0646347177873652,0.6785321311941164,1.0494277074942957,437,0.3225644913602419,0.12618380338300414,0.0918037937897822,0.3090737810763856,0.8600973527714076
93251,PDM,PIEDMONT OFFICE REALTY TRUST INC,178,0.0037713483146067416,0.07282200821631914,-0.2022,0.0036,0.387,179,2358.52077849162,782.8458893088849,644.54474,2646.039,3551.74,179,4185.793849162012,382.78377144577667,3433.442,4285.831,4819.862,179,555.962340782123,22.938936187804334,526.202,548.5,609.438,179,101.52413407821228,82.75013450400766,-82.604,75.545,372.557,179,2166.247508379888,390.61542947455223,1656.782,2091.709,2837.788,179,0.4325923609497207,0.06363073836293631,0.3125998,0.45198706,0.5342531,179,0.006736769699441341,0.00832763127433863,0.0010367057,0.0027068239,0.041245464,179,0.054795453324022345,0.005940445294376282,0.03930818,0.054407105,0.06405481,163,0.05890043973225747,0.03955855444274408,-0.0281088686393859,0.0672979396543601,0.1261583449259539,159,0.6981138676727044,0.18567159018503332,0.3918755928174748,0.6486721521872231,1.1231607246534006,179,1.0657107146635005,0.5285498550581011,0.5756236259528605,0.8652069645962263,3.0250821981657854
93261,TRNO,TERRENO REALTY CORP,178,0.010379775280898878,0.061119536817127264,-0.1815,0.00775,0.1828,179,2317.0649667877096,2006.5750538070383,115.89705,1812.807,6689.976,165,1678.4776363636363,1144.708065390154,193.671,1536.007,4466.841,165,137.43172727272727,96.99083434068397,4.095,127.779,357.934,165,53.42074545454546,59.196090608666424,-5.39,44.091,201.683,165,1178.5855636363635,871.8553753765956,159.011,998.184,3444.584,165,0.2570079519090909,0.06165525896020358,0.090209685,0.24800837,0.39756757,165,0.04380933041272727,0.055663263084724496,0.0034114898,0.027298164,0.2945386,165,0.034126500127272724,0.016406862388570163,-0.0113796545,0.042402595,0.050976846,163,0.028515393458478294,0.03063343970039995,-0.0325681726173572,0.0212507386309057,0.0888014490654308,159,0.47736973760895396,0.08895494217673733,0.2808483656735953,0.4894622681603803,0.7089595676040222,165,0.5933347300684593,0.22197412665472002,0.2666906899720704,0.5326912719517684,1.3893710528632572
93315,EXL,EXCEL TRUST INC,63,0.008842857142857144,0.0544054572520243,-0.1228,0.0067,0.1305,64,507.624291875,247.93199786757245,173.70267,541.1999000000001,1021.7909,64,839.48125,455.33325676548895,45.031,820.544,1647.137,64,68.273109375,44.123800752664806,4.99,71.262,143.1,64,1.3383125,5.878927280064426,-5.916,0.491,26.57,64,357.52253125,175.07644266669456,8.582,349.75,635.365,64,0.4088745809375,0.1065373013660154,0.19259676,0.38675618,0.66627437,64,0.0625421832109375,0.09450069674847193,0.009030822,0.01775834,0.35541567,64,0.051487161421875004,0.03595568176107658,0.009569519,0.038932174,0.123526044,50,0.006744835548337944,0.021849701880133653,-0.0205801259659433,0.0040711256017639,0.0407579594299229,44,0.48954378420406697,0.025769258935735916,0.4413780410274819,0.489054667501708,0.5470763635571662,64,0.7018652266284333,0.2566185104271813,0.0428306358804725,0.7594318880106035,1.0734709482285625
93419,HPP,HUDSON PACIFIC PROPERTIES INC,174,-0.0018666666666666669,0.10532701750534064,-0.3293,-0.0011,0.586,175,2615.2256790857145,1817.443810735073,326.14557,2292.96,5834.244,175,5401.760708571428,3112.5087826231766,384.615,6559.174,9320.419,175,556.4529942857143,337.51646064707694,39.354,654.664,1049.092,175,-0.5882171428571427,60.73240466752247,-214.223,-3.25,115.409,175,2188.933817142857,1235.1246901594063,214.929,2708.897,3705.866,175,0.39794705617142856,0.0915013666903856,0.15077214,0.3921846,0.54581165,175,0.029887404010285716,0.026605379018415354,0.0074764276,0.020933062,0.13964586,175,0.029325164946285714,0.010491555932226844,-0.00022880023,0.03248395,0.044239793,163,-0.0031178891203354074,0.019739183379796216,-0.0645088944121666,0.0004111876537441,0.0278684120369821,155,0.8007549151982755,0.22609721655908163,0.5570337660985734,0.7306899698367105,1.4374012050088567,175,1.1630766817883667,1.0713075286372258,0.3797494828464679,0.7369638380517919,6.330189936644699
